strain	length	A	C	G	T	N	other_IUPAC	-	?	invalid_nucleotides
YMVcp-GS172b	909	299	171	231	208	0	0	0	0	0
YMVcp-WH214b	909	300	170	231	208	0	0	0	0	0
YMVcp-HB285b	909	294	168	238	209	0	0	0	0	0
YMVcp-HB96	909	297	172	234	206	0	0	0	0	0
YMVcp-GS100	909	300	166	232	211	0	0	0	0	0
YMVcp-GS156	909	300	169	234	206	0	0	0	0	0
YMVcp-WH161	909	300	169	231	209	0	0	0	0	0
YMVcp-WH194	909	306	161	225	217	0	0	0	0	0
YMVcp-WH127	909	302	168	235	204	0	0	0	0	0
YMVcp-GS143	909	296	171	233	209	0	0	0	0	0
YMVcp-GS233	909	299	162	234	214	0	0	0	0	0
YMVcp-WH261	909	299	175	232	203	0	0	0	0	0
YMVcp-GS280	909	300	170	231	208	0	0	0	0	0
YMVcp-HB303	909	297	168	233	211	0	0	0	0	0
YMVcp-HM26	909	297	174	235	203	0	0	0	0	0
YMVcp-WH132	909	298	170	232	209	0	0	0	0	0
YMVcp-GS183	909	299	172	235	203	0	0	0	0	0
YMVcp-GS258	909	298	172	233	206	0	0	0	0	0
YMVcp-HB290	909	301	170	232	206	0	0	0	0	0
YMVcp-HB298	909	293	169	238	209	0	0	0	0	0
YMVcp-HB295	909	300	174	232	203	0	0	0	0	0
YMVcp-WH126	909	298	175	233	203	0	0	0	0	0
YMVcp-HB160	909	301	172	233	203	0	0	0	0	0
YMVcp-HM190	909	301	175	232	201	0	0	0	0	0
YMVcp-WH201b	909	297	168	234	210	0	0	0	0	0
Au-Sc2-17-1	909	306	166	226	211	0	0	0	0	0
Fk-Sc2-17-2	909	298	168	235	208	0	0	0	0	0
Las-Sc3-17-1	909	293	172	239	205	0	0	0	0	0
Am-Sc3-17-1	909	303	172	232	202	0	0	0	0	0
Au-Sc2-17-2	909	298	171	236	204	0	0	0	0	0
AL-Sc2-17-1	909	299	172	235	203	0	0	0	0	0
Las-Sc2-17-1	909	299	170	234	206	0	0	0	0	0
Au-Sc3-17-1	909	302	167	234	206	0	0	0	0	0
Am-Sc2-17-1	909	301	171	231	206	0	0	0	0	0
Ek-Sc2-17-1	909	304	167	230	208	0	0	0	0	0
Au-Sc3-17-2	909	299	164	236	210	0	0	0	0	0
Las-Sc3-17-2	909	291	169	238	211	0	0	0	0	0
Hem-Sc3-17-1	909	300	171	231	207	0	0	0	0	0
Al-Sc3-17-1	909	303	170	230	206	0	0	0	0	0
Ak-Sc3-17-1	909	305	168	229	207	0	0	0	0	0
Al-Sc2-17-2	909	299	171	231	208	0	0	0	0	0
Mk-Sc3-17-2	909	304	171	229	205	0	0	0	0	0
Mk-Sc2-17-1	909	289	168	244	208	0	0	0	0	0
Las-Sc3-17-3	909	302	172	231	204	0	0	0	0	0
Mk-Sc2-17-2	909	299	169	235	206	0	0	0	0	0
Dr-Sc3-17-1	909	298	172	232	207	0	0	0	0	0
Ek-Sc2-17-2	909	298	172	235	204	0	0	0	0	0
Ek-Sc3-17-2	909	296	169	238	206	0	0	0	0	0
AL-Sc2-17-3	909	300	173	233	203	0	0	0	0	0
Hem-Sc2-17-2	909	301	170	232	206	0	0	0	0	0
Hem-Sc2-17-3	909	307	168	229	205	0	0	0	0	0
AL-Sc2-18-1	909	300	171	230	208	0	0	0	0	0
Au-Sc2-18-2	909	302	171	234	202	0	0	0	0	0
Fk-Sc2-18-1	909	298	171	233	207	0	0	0	0	0
Hem-Sc2-18-2	909	302	171	231	205	0	0	0	0	0
AK-Sc2-18-1	909	296	171	235	207	0	0	0	0	0
Am-Sc2-18-3	909	304	169	232	204	0	0	0	0	0
Ak-Sc2-18-3	909	305	167	227	210	0	0	0	0	0
Ak-Sc2-18-4	909	300	171	233	205	0	0	0	0	0
Au-Sc2-18-5	909	295	165	236	213	0	0	0	0	0
Au-Sc2-18-6	909	301	170	237	201	0	0	0	0	0
Al-Sc2-18-2	909	306	174	231	198	0	0	0	0	0
Am-Sc2-17-2	909	300	171	233	205	0	0	0	0	0
Au-Sc2-18-1	909	300	175	232	202	0	0	0	0	0
Mk-Sc2-18-1	909	305	173	230	201	0	0	0	0	0
EK-Sc2-18-1	909	302	170	232	205	0	0	0	0	0
EK-Sc3-18-1	909	300	166	232	211	0	0	0	0	0
Mk-Sc2-17-3	909	302	175	232	200	0	0	0	0	0
AL-Sc3-17-2	909	300	171	232	206	0	0	0	0	0
Fk-Sc2-17-1	909	300	168	232	209	0	0	0	0	0
MFk-Sc2-18-2	909	301	164	231	213	0	0	0	0	0
Ek-Sc3-17-1	909	302	167	228	212	0	0	0	0	0
Dr-Sc2-17-2	909	297	172	236	204	0	0	0	0	0
Ak-Sc2-17-1	909	294	162	240	213	0	0	0	0	0
Las-Sc2-17-2	909	301	170	230	208	0	0	0	0	0
Mk-Sc3-17-3	909	301	167	230	211	0	0	0	0	0
Au-Sc2-18-3	909	299	168	236	206	0	0	0	0	0
Hem-Sc2-17-1F	909	302	170	233	204	0	0	0	0	0
MK-GWAD-1	909	300	169	233	207	0	0	0	0	0
MK-GWAD-2	909	303	167	228	211	0	0	0	0	0
EK-ILUSHI-1	909	299	167	232	211	0	0	0	0	0
EK-ILUSHI-2	909	300	171	233	205	0	0	0	0	0
EK-NTEJE-1	909	303	175	232	199	0	0	0	0	0
ALU-ILUSHI	909	301	167	235	206	0	0	0	0	0
ALU-ILUSHI-2	909	302	168	233	206	0	0	0	0	0
ADK-NTEJE-1	909	296	172	235	206	0	0	0	0	0
FAK-ZAKI-1	909	297	172	234	206	0	0	0	0	0
MAK-PAK-3	909	299	176	232	202	0	0	0	0	0
LAS-SARKI-3	909	293	174	233	209	0	0	0	0	0
AL-AGYAGU-1	909	298	168	234	209	0	0	0	0	0
AL-AGYAGU-2	909	303	168	232	206	0	0	0	0	0
AME-GWADALAD-3	909	297	172	235	205	0	0	0	0	0
AME-GWADALAD-1	909	293	169	239	208	0	0	0	0	0
Hem-AGYAGU-1	909	295	164	236	214	0	0	0	0	0
ADK-nteje-2	909	302	173	232	202	0	0	0	0	0
YMVAy	909	300	168	233	208	0	0	0	0	0
YMVBy	909	298	168	233	210	0	0	0	0	0
YMVCy	909	300	168	230	211	0	0	0	0	0
YMVDy	909	303	167	231	208	0	0	0	0	0
YMVFy	909	301	166	232	210	0	0	0	0	0
YMVGy	909	294	165	239	211	0	0	0	0	0
YMVHy	909	310	171	226	202	0	0	0	0	0
YMVIy	909	299	168	233	209	0	0	0	0	0
YMVJy	909	305	168	229	207	0	0	0	0	0
YMVKy	909	298	172	235	204	0	0	0	0	0
YMVLy	909	300	170	233	206	0	0	0	0	0
YMVMy	909	306	168	228	207	0	0	0	0	0
YMVNy	909	301	167	234	207	0	0	0	0	0
YMVQy	909	305	169	229	206	0	0	0	0	0
Yoo421	909	306	173	227	203	0	0	0	0	0
Yoju	909	297	168	233	211	0	0	0	0	0
Yoooo2	909	316	163	220	210	0	0	0	0	0
Yo2665	909	302	171	231	205	0	0	0	0	0
Yo2607	909	298	168	236	207	0	0	0	0	0
Yooo34	909	301	171	233	204	0	0	0	0	0
Yoo497	909	298	169	232	210	0	0	0	0	0
YMVANb	909	300	172	234	203	0	0	0	0	0
YMVBNb	909	305	170	226	208	0	0	0	0	0
YMVCNb	909	301	172	231	205	0	0	0	0	0
R-Nov-17-YB13	909	300	171	232	206	0	0	0	0	0
R-Nov-17-YB14	909	299	171	233	206	0	0	0	0	0
R-Nov-17-YB16	909	304	167	228	210	0	0	0	0	0
R-Nov-17-YB18	909	301	169	233	206	0	0	0	0	0
R-Nov-17-YB19	909	304	170	229	206	0	0	0	0	0
R-Nov-17-YB20	909	304	168	229	208	0	0	0	0	0
R-Nov-17-YB21	909	303	167	230	209	0	0	0	0	0
F-Apr-18-5-M3	909	301	173	231	204	0	0	0	0	0
F-Apr-18-5-L3-1	909	303	172	230	204	0	0	0	0	0
F-Apr-18-5-L1-1	909	299	172	233	205	0	0	0	0	0
F-Apr-18-5-L3-2	909	300	173	232	204	0	0	0	0	0
F-Apr-18-5-L3-3	909	300	169	233	207	0	0	0	0	0
F-Apr-18-5-L1-2	909	299	170	234	206	0	0	0	0	0
F-Apr-18-5-2	909	301	169	233	206	0	0	0	0	0
F-Apr-18-5-L1-3	909	307	168	229	205	0	0	0	0	0
F-Apr-18-5-M1	909	299	166	235	209	0	0	0	0	0
F-Apr-19-50-S21	909	299	171	233	206	0	0	0	0	0
F-Apr-19-50-S4	909	300	166	229	214	0	0	0	0	0
F-Apr-19-50-S5	909	298	167	232	212	0	0	0	0	0
F-Apr-19-50-S3	909	304	163	231	211	0	0	0	0	0
F-May-20-2-X1D	909	291	170	239	209	0	0	0	0	0
F-May-20-2-X1B	909	296	169	235	209	0	0	0	0	0
F-May-20-2-X2B	909	302	170	230	207	0	0	0	0	0
F-May-20-2-X3C	909	301	172	232	204	0	0	0	0	0
R-Dec-16-pT2-1	909	300	169	232	208	0	0	0	0	0
R-Dec-16-pT2-2	909	306	169	229	205	0	0	0	0	0
R-Jan-17-pT2-1	909	306	169	231	203	0	0	0	0	0
R-Jan-17-pT1-1	909	305	169	230	205	0	0	0	0	0
R-Feb-17-pT1-1	909	305	168	229	207	0	0	0	0	0
R-Feb-17-pT3-1	909	295	170	236	208	0	0	0	0	0
R-Feb-17-pT1-2	909	295	171	235	208	0	0	0	0	0
R-Feb-17-pT3-2	909	294	170	235	210	0	0	0	0	0
R-Feb-17-m1-1	909	306	169	229	205	0	0	0	0	0
R-Feb-17-m1-1	909	306	169	229	205	0	0	0	0	0
R-Feb-17-m1-2	909	306	169	229	205	0	0	0	0	0
R-Feb-17-m1-3	909	303	169	230	207	0	0	0	0	0
R-Feb-17-m1-4	909	296	168	232	213	0	0	0	0	0
R-Mar-17-pT2-1	909	312	165	244	188	0	0	0	0	0
R-Mar-17-pT2-2	909	316	169	237	187	0	0	0	0	0
R-Mar-17-pT2-3	909	299	170	232	208	0	0	0	0	0
R-Mar-17-pT3-1	909	304	164	231	210	0	0	0	0	0
R-Mar-17-pT3-2	909	301	169	231	208	0	0	0	0	0
R-Mar-17-pT2-4	909	304	163	239	203	0	0	0	0	0
R-Apr-17-m2-1	909	305	170	230	204	0	0	0	0	0
R-Apr-17-m2-2	909	299	166	234	210	0	0	0	0	0
R-Feb-17-pT4-1	909	299	166	234	210	0	0	0	0	0
R-Mar-17-m2-3	909	301	168	232	208	0	0	0	0	0
R-Apr-17-m2-3	909	300	171	234	204	0	0	0	0	0
R-Mar-17-m2-4	909	299	169	233	208	0	0	0	0	0
R-Apr-17-pT2-3	909	294	170	235	210	0	0	0	0	0
R-Sep-18-5-pT1	909	300	170	232	207	0	0	0	0	0
R-Sep-18-5-pT10	909	301	171	231	206	0	0	0	0	0
R-Sep-18-5-pT13	909	301	171	231	206	0	0	0	0	0
R-Aug-18-5-pT1	909	301	171	232	205	0	0	0	0	0
R-Aug-18-5-pT7	909	301	171	231	206	0	0	0	0	0
R-Jul-18-5-pT1	909	301	171	232	205	0	0	0	0	0
R-Jul-18-5-pT9	909	301	172	232	204	0	0	0	0	0
R-Oct-18-5-pT3	909	303	170	231	205	0	0	0	0	0
R-Oct-18-5-pT6	909	300	172	232	205	0	0	0	0	0
R-Aug-18-5-pT11	909	302	172	230	205	0	0	0	0	0
R-Oct-18-5-pT9	909	301	170	231	207	0	0	0	0	0
R-Sep-18-5-pT7	909	300	168	229	212	0	0	0	0	0
R-Sep-18-5-pT3	909	300	172	228	209	0	0	0	0	0
R-Oct-18-5-pT7	909	300	173	231	205	0	0	0	0	0
R-Aug-18-5-pT4	909	301	173	231	204	0	0	0	0	0
R-Jul-18-5-pT12	909	301	173	231	204	0	0	0	0	0
R-Aug-18-5-pT12	909	300	173	232	204	0	0	0	0	0
R-Jul-18-5-pT11	909	301	173	232	203	0	0	0	0	0
R-Aug-18-5-pT10	909	301	174	231	203	0	0	0	0	0
R-Jul-18-5-pT8	909	300	172	231	206	0	0	0	0	0
R-Jul-18-5-pT2	909	297	173	233	206	0	0	0	0	0
R-Sep-18-5-pT5	909	300	166	233	210	0	0	0	0	0
R-Jul-18-5-pT7	909	301	167	231	210	0	0	0	0	0
R-Aug-18-5-pT2	909	300	169	233	207	0	0	0	0	0
R-Sep-18-5-pT4	909	301	167	233	208	0	0	0	0	0
R-Oct-18-5-pT1	909	298	175	234	202	0	0	0	0	0
R-Jul-18-5-pT6	909	300	165	230	214	0	0	0	0	0
R-Oct-18-5-pT5	909	305	174	230	200	0	0	0	0	0
R-Oct-18-5-pT5	909	305	174	230	200	0	0	0	0	0
R-Sep-18-5-pT2	909	302	164	233	210	0	0	0	0	0
R-Sep-18-5-pT6	909	300	164	234	211	0	0	0	0	0
R-Sep-18-5-pT8	909	299	163	236	211	0	0	0	0	0
R-Aug-18-5-pT8	909	299	164	236	210	0	0	0	0	0
R-Oct-18-5-pT8	909	300	166	236	207	0	0	0	0	0
R-Jul-18-5-pT3	909	300	164	236	209	0	0	0	0	0
R-Aug-18-5-pT3	909	299	164	237	209	0	0	0	0	0
R-Jul-18-5-pT5	909	298	164	237	210	0	0	0	0	0
R-Jul-18-5-pT10	909	301	164	234	210	0	0	0	0	0
R-Sep-18-5-pT11	909	299	160	233	217	0	0	0	0	0
R-Sep-18-5-pT12	909	300	170	233	206	0	0	0	0	0
R-Oct-18-5-pT11	909	300	171	232	206	0	0	0	0	0
R-Aug-18-5-pT9	909	299	170	232	208	0	0	0	0	0
R-Oct-18-5-pT2	909	301	172	231	205	0	0	0	0	0
R-Jul-18-5-pT4	909	300	169	233	207	0	0	0	0	0
R-Oct-18-5-pT12	909	306	169	228	206	0	0	0	0	0
R-Jul-18-5-pT13	909	297	164	237	211	0	0	0	0	0
R-Oct-18-5-pT10	909	289	163	242	215	0	0	0	0	0
R-Aug-18-5-pT6	909	297	160	233	219	0	0	0	0	0
R-Oct-18-5-pT4	909	295	170	235	209	0	0	0	0	0
R-Oct-18-5-pT13	909	295	177	235	202	0	0	0	0	0
R-Aug-18-5-pT13	909	299	167	238	205	0	0	0	0	0
R-Aug-18-5-pT5	909	316	167	240	186	0	0	0	0	0
R-Aug-19-50-pT2	909	302	172	232	203	0	0	0	0	0
R-Sep-19-50-pT3	909	302	174	232	201	0	0	0	0	0
R-Oct-19-50-pT2	909	300	173	234	202	0	0	0	0	0
R-Oct-19-50-pT42	909	302	172	233	202	0	0	0	0	0
R-Oct-19-50-pT8	909	295	171	231	212	0	0	0	0	0
R-Aug-19-50-pT1	909	298	168	233	210	0	0	0	0	0
R-Oct-19-50-pT6	909	294	167	235	213	0	0	0	0	0
R-Sep-19-50-pT7	909	297	164	234	214	0	0	0	0	0
R-Aug-19-50-pT7	909	303	174	226	206	0	0	0	0	0
R-Oct-19-50-pT4	909	305	177	226	201	0	0	0	0	0
R-Sep-19-50-pT1	909	304	167	229	209	0	0	0	0	0
R-Aug-19-50-pT21	909	302	172	229	206	0	0	0	0	0
R-Sep-19-50-pT4	909	301	171	233	204	0	0	0	0	0
R-Sep-19-50-pT2	909	298	176	235	200	0	0	0	0	0
R-Oct-19-50-pT3	909	300	170	232	207	0	0	0	0	0
R-Oct-19-50-PT5	909	303	169	225	212	0	0	0	0	0
R-Sep-19-50-pT8	909	296	170	233	210	0	0	0	0	0
R-Aug-19-50-pT6	909	297	169	234	209	0	0	0	0	0
R-Sep-19-50-pT53	909	298	170	230	211	0	0	0	0	0
R-Oct-19-50-pT51	909	295	178	227	209	0	0	0	0	0
R-Oct-19-50-pT22	909	303	169	231	206	0	0	0	0	0
R-Oct-19-50-pT1	909	296	165	228	220	0	0	0	0	0
R-Oct-19-50-pT32	909	293	168	244	204	0	0	0	0	0
R-Aug-19-50-pT4	909	299	177	232	201	0	0	0	0	0
R-Oct-19-50-pT12	909	293	170	226	220	0	0	0	0	0
R-Aug-19-50-pT3	909	300	175	222	212	0	0	0	0	0
R-Oct-20-2-V1TA-1	909	298	167	234	210	0	0	0	0	0
R-Oct-20-2-V1TD-1	909	301	174	231	203	0	0	0	0	0
R-Oct-20-2-V1TB-1	909	295	174	234	206	0	0	0	0	0
R-Oct-20-2-V1TC-1	909	297	165	236	211	0	0	0	0	0
R-Oct-20-2-V1BD-1	909	295	164	232	218	0	0	0	0	0
R-Oct-20-2-V1BA-1	909	298	167	234	210	0	0	0	0	0
R-Oct-20-2-V1BC-1	909	298	174	235	202	0	0	0	0	0
R-Oct-20-2-V1BB-1	909	300	165	233	211	0	0	0	0	0
R-Oct-20-2-V1BD-2	909	293	167	235	214	0	0	0	0	0
R-Oct-20-2-V2BB-1	909	297	173	230	209	0	0	0	0	0
R-Oct-20-2-V2BC-1	909	301	165	233	210	0	0	0	0	0
R-Oct-20-2-V2BA-1	909	301	172	232	204	0	0	0	0	0
R-Oct-20-2-V2TB-1	909	290	170	236	213	0	0	0	0	0
R-Oct-20-2-V1TA-2	909	301	171	232	205	0	0	0	0	0
R-Oct-20-2-V1TD-2	909	299	171	233	206	0	0	0	0	0
R-Oct-20-2-V1TB-2	909	303	171	233	202	0	0	0	0	0
R-Oct-20-2-V1TC-2	909	299	171	233	206	0	0	0	0	0
R-Oct-20-2-V1BD-3	909	297	174	235	203	0	0	0	0	0
R-Oct-20-2-V1BA-2	909	301	166	231	211	0	0	0	0	0
R-Oct-20-2-V1BC-2	909	296	172	235	206	0	0	0	0	0
R-Oct-20-2-V1BB-2	909	299	172	237	201	0	0	0	0	0
R-Oct-20-2-V1BD-4	909	300	163	233	213	0	0	0	0	0
R-Oct-20-2-V2BB-2	909	299	162	236	212	0	0	0	0	0
R-Oct-20-2-V2BC-2	909	296	169	232	212	0	0	0	0	0
R-Oct-20-2-V2TA-1	909	298	173	232	206	0	0	0	0	0
R-Oct-20-2-V2TC-1	909	299	170	233	207	0	0	0	0	0
R-Oct-20-2-V2TB-2	909	297	165	237	210	0	0	0	0	0
R-Oct-20-2-V2TD-1	909	302	172	231	204	0	0	0	0	0
R-Sep-20-2-V1TA-1	909	296	168	235	210	0	0	0	0	0
R-Sep-20-2-V1TD-1	909	298	175	231	205	0	0	0	0	0
R-Sep-20-2-V1TB-1	909	299	168	234	208	0	0	0	0	0
R-Sep-20-2-V1BD-1	909	296	164	234	215	0	0	0	0	0
R-Sep-20-2-V1BA-1	909	304	170	232	203	0	0	0	0	0
R-Sep-20-2-V1BC-1	909	301	165	234	209	0	0	0	0	0
R-Sep-20-2-V1BB-1	909	302	170	231	206	0	0	0	0	0
R-Sep-20-2-V1BD-2	909	293	165	232	219	0	0	0	0	0
R-Sep-20-2-V2BC-1	909	295	167	237	210	0	0	0	0	0
R-Sep-20-2-V2BA-1	909	301	167	235	206	0	0	0	0	0
R-Sep-20-2-V2TA-1	909	303	169	235	202	0	0	0	0	0
R-Sep-20-2-V2TC-1	909	306	167	230	206	0	0	0	0	0
R-Sep-20-2-V2TD-1	909	304	170	233	202	0	0	0	0	0
R-Sep-20-2-V1TA-2	909	305	169	228	207	0	0	0	0	0
R-Sep-20-2-V1TD-2	909	301	173	230	205	0	0	0	0	0
R-Sep-20-2-V1TB-2	909	300	171	234	204	0	0	0	0	0
R-Sep-20-2-V1TC-1	909	298	172	233	206	0	0	0	0	0
R-Sep-20-2-V1BA-2	909	305	166	228	210	0	0	0	0	0
R-Sep-20-2-V1BC-2	909	300	172	232	205	0	0	0	0	0
R-Sep-20-2-V1BB-2	909	299	173	234	203	0	0	0	0	0
R-Sep-20-2-V1BD-3	909	301	166	235	207	0	0	0	0	0
R-Sep-20-2-V2BB-1	909	297	174	232	206	0	0	0	0	0
R-Sep-20-2-V2BC-2	909	298	173	233	205	0	0	0	0	0
R-Sep-20-2-V2BA-2	909	290	179	235	205	0	0	0	0	0
R-Oct-20-2-V2TD-2	909	300	172	230	207	0	0	0	0	0
R-Oct-20-2-V2TB-3	909	299	173	231	206	0	0	0	0	0
R-Oct-20-2-V2TC-2	909	298	165	235	211	0	0	0	0	0
R-Oct-20-2-V2TA-2	909	300	167	233	209	0	0	0	0	0
R-Aug-20-2-V2BB-2	909	299	176	225	209	0	0	0	0	0
R-Aug-20-2-V2BC-1	909	300	172	230	207	0	0	0	0	0
R-Aug-20-2-V2TC-1	909	298	174	233	204	0	0	0	0	0
R-Aug-20-2-V2TD-1	909	298	170	234	207	0	0	0	0	0
R-Aug-20-2-V1TB-1	909	302	170	232	205	0	0	0	0	0
R-Aug-20-2-V2TA-1	909	296	167	234	212	0	0	0	0	0
R-Aug-20-2-V1BA-1	909	300	172	233	204	0	0	0	0	0
R-Aug-20-2-V1TB-2	909	299	172	231	207	0	0	0	0	0
R-Aug-20-2-V1TC-1	909	301	173	231	204	0	0	0	0	0
R-Aug-20-2-V1TD-1	909	299	167	231	212	0	0	0	0	0
R-Aug-20-2-V1BB-1	909	303	172	230	204	0	0	0	0	0
R-Aug-20-2-V1BC-1	909	296	174	233	206	0	0	0	0	0
R-Aug-20-2-V1TA-1	909	300	172	228	209	0	0	0	0	0
Ivory_Coast	909	305	169	227	208	0	0	0	0	0
YMV_DR2	909	303	172	229	205	0	0	0	0	0
YMV_Dsp	909	303	174	229	203	0	0	0	0	0
YMV_I4	909	301	174	231	203	0	0	0	0	0
Trifida_C5	912	302	167	231	212	0	0	0	0	0
CAM2	909	293	180	238	198	0	0	0	0	0
AID10_C5	909	301	169	231	208	0	0	0	0	0
CGU2_C4	909	301	169	230	209	0	0	0	0	0
GY_INRA_C11	909	300	166	232	211	0	0	0	0	0
174_C1	909	295	167	232	215	0	0	0	0	0
608	909	306	167	225	211	0	0	0	0	0
B1_C1	909	303	171	230	205	0	0	0	0	0
B14	909	298	172	235	204	0	0	0	0	0
BFC51_C11	873	288	161	221	203	0	0	0	0	0
BFC54	873	288	161	221	203	0	0	0	0	0
BFC56	873	283	167	222	201	0	0	0	0	0
C1_C3	873	288	161	221	203	0	0	0	0	0
CAM1_C1	909	301	173	230	205	0	0	0	0	0
CAM2_C31	909	296	169	231	213	0	0	0	0	0
CBE6b_C3	909	301	170	234	204	0	0	0	0	0
CGU1_C18	909	304	170	227	208	0	0	0	0	0
CID3_C12	909	296	166	237	210	0	0	0	0	0
CKA1_C11	909	306	165	228	210	0	0	0	0	0
Divin	909	305	168	227	209	0	0	0	0	0
G13_C1	909	305	168	227	209	0	0	0	0	0
G5_C10	909	306	163	227	213	0	0	0	0	0
GR_SAVANE_C4	909	304	170	228	207	0	0	0	0	0
POGNON_C1	909	296	166	236	211	0	0	0	0	0
SOA_AI_C1	909	294	166	231	218	0	0	0	0	0
SOA2_C1	909	298	171	229	211	0	0	0	0	0
