strain	length	A	C	G	T	N	other_IUPAC	-	?	invalid_nucleotides
MZ670783	909	300	169	234	206	0	0	0	0	0
MZ670784	909	302	175	232	200	0	0	0	0	0
MZ670785	909	304	173	232	200	0	0	0	0	0
MZ670786	909	300	171	231	207	0	0	0	0	0
MZ670787	909	304	174	232	199	0	0	0	0	0
MZ670788	909	304	173	231	201	0	0	0	0	0
MZ670789	909	304	166	229	210	0	0	0	0	0
MZ670790	909	302	168	229	210	0	0	0	0	0
MZ670791	909	302	165	228	214	0	0	0	0	0
MZ670792	909	301	171	234	203	0	0	0	0	0
MZ670793	909	306	168	227	208	0	0	0	0	0
MZ670794	909	300	170	233	206	0	0	0	0	0
MZ670795	909	303	170	229	207	0	0	0	0	0
MZ670796	909	304	172	231	202	0	0	0	0	0
MZ670797	909	306	174	229	200	0	0	0	0	0
MZ670798	909	303	168	227	211	0	0	0	0	0
MZ670799	909	305	167	228	209	0	0	0	0	0
MZ670800	909	303	174	232	200	0	0	0	0	0
MZ670801	909	303	171	227	208	0	0	0	0	0
MZ670802	909	300	169	229	211	0	0	0	0	0
MZ670803	909	307	174	230	198	0	0	0	0	0
MZ670804	909	305	174	229	201	0	0	0	0	0
MZ670805	909	298	172	232	207	0	0	0	0	0
MZ670806	909	300	170	232	207	0	0	0	0	0
MZ670807	909	293	169	239	208	0	0	0	0	0
MZ670808	909	304	168	237	200	0	0	0	0	0
MZ670809	909	299	172	235	203	0	0	0	0	0
MZ670810	909	299	173	234	203	0	0	0	0	0
MZ670811	909	298	174	236	201	0	0	0	0	0
MZ670812	909	299	174	233	203	0	0	0	0	0
MZ670813	909	301	172	232	204	0	0	0	0	0
MZ670814	909	298	172	232	207	0	0	0	0	0
MZ670815	909	302	170	229	208	0	0	0	0	0
MZ670816	909	292	175	238	204	0	0	0	0	0
MZ670817	909	302	173	230	204	0	0	0	0	0
MZ670818	909	297	172	233	207	0	0	0	0	0
MZ670819	909	302	174	230	203	0	0	0	0	0
MZ670820	909	299	168	234	208	0	0	0	0	0
MZ670821	909	303	172	232	202	0	0	0	0	0
MZ670822	909	303	173	231	202	0	0	0	0	0
MZ670823	909	303	168	229	209	0	0	0	0	0
MZ670824	909	299	167	234	209	0	0	0	0	0
MZ670825	909	292	170	237	210	0	0	0	0	0
MZ670826	909	300	171	232	206	0	0	0	0	0
MZ670827	909	299	171	233	206	0	0	0	0	0
MZ670828	909	304	167	228	210	0	0	0	0	0
MZ670829	909	301	169	233	206	0	0	0	0	0
MZ670830	909	304	170	229	206	0	0	0	0	0
MZ670831	909	304	168	229	208	0	0	0	0	0
MZ670832	909	303	167	230	209	0	0	0	0	0
MZ670833	909	301	173	231	204	0	0	0	0	0
MZ670834	909	303	172	230	204	0	0	0	0	0
MZ670835	909	299	172	233	205	0	0	0	0	0
MZ670836	909	300	173	232	204	0	0	0	0	0
MZ670837	909	300	169	233	207	0	0	0	0	0
MZ670838	909	299	170	234	206	0	0	0	0	0
MZ670839	909	301	169	233	206	0	0	0	0	0
MZ670840	909	307	168	229	205	0	0	0	0	0
MZ670841	909	299	166	235	209	0	0	0	0	0
MZ670842	909	299	171	233	206	0	0	0	0	0
MZ670843	909	300	166	229	214	0	0	0	0	0
MZ670844	909	298	167	232	212	0	0	0	0	0
MZ670845	909	304	163	231	211	0	0	0	0	0
MZ670846	909	291	170	239	209	0	0	0	0	0
MZ670847	909	296	169	235	209	0	0	0	0	0
MZ670848	909	302	170	230	207	0	0	0	0	0
MZ670849	909	301	172	232	204	0	0	0	0	0
MZ670850	909	300	169	232	208	0	0	0	0	0
MZ670851	909	306	169	229	205	0	0	0	0	0
MZ670852	909	306	169	231	203	0	0	0	0	0
MZ670853	909	305	169	230	205	0	0	0	0	0
MZ670854	909	305	168	229	207	0	0	0	0	0
MZ670855	909	295	170	236	208	0	0	0	0	0
MZ670856	909	295	171	235	208	0	0	0	0	0
MZ670857	909	294	170	235	210	0	0	0	0	0
MZ670858	909	306	169	229	205	0	0	0	0	0
MZ670859	909	306	169	229	205	0	0	0	0	0
MZ670860	909	303	169	230	207	0	0	0	0	0
MZ670861	909	296	168	232	213	0	0	0	0	0
MZ670862	909	312	165	244	188	0	0	0	0	0
MZ670863	909	316	169	237	187	0	0	0	0	0
MZ670864	909	299	170	232	208	0	0	0	0	0
MZ670865	909	304	164	231	210	0	0	0	0	0
MZ670866	909	301	169	231	208	0	0	0	0	0
MZ670867	909	304	163	239	203	0	0	0	0	0
MZ670868	909	305	170	230	204	0	0	0	0	0
MZ670869	909	299	166	234	210	0	0	0	0	0
MZ670870	909	299	166	234	210	0	0	0	0	0
MZ670871	909	301	168	232	208	0	0	0	0	0
MZ670872	909	300	171	234	204	0	0	0	0	0
MZ670873	909	299	169	233	208	0	0	0	0	0
MZ670874	909	294	170	235	210	0	0	0	0	0
MZ670875	909	300	170	232	207	0	0	0	0	0
MZ670876	909	301	171	231	206	0	0	0	0	0
MZ670877	909	301	171	231	206	0	0	0	0	0
MZ670878	909	301	171	232	205	0	0	0	0	0
MZ670879	909	301	171	231	206	0	0	0	0	0
MZ670880	909	301	171	232	205	0	0	0	0	0
MZ670881	909	301	172	232	204	0	0	0	0	0
MZ670882	909	303	170	231	205	0	0	0	0	0
MZ670883	909	300	172	232	205	0	0	0	0	0
MZ670884	909	302	172	230	205	0	0	0	0	0
MZ670885	909	301	170	231	207	0	0	0	0	0
MZ670886	909	300	168	229	212	0	0	0	0	0
MZ670887	909	300	172	228	209	0	0	0	0	0
MZ670888	909	300	173	231	205	0	0	0	0	0
MZ670889	909	301	173	231	204	0	0	0	0	0
MZ670890	909	301	173	231	204	0	0	0	0	0
MZ670891	909	300	173	232	204	0	0	0	0	0
MZ670892	909	301	173	232	203	0	0	0	0	0
MZ670893	909	301	174	231	203	0	0	0	0	0
MZ670894	909	300	172	231	206	0	0	0	0	0
MZ670895	909	297	173	233	206	0	0	0	0	0
MZ670896	909	300	166	233	210	0	0	0	0	0
MZ670897	909	301	167	231	210	0	0	0	0	0
MZ670898	909	300	169	233	207	0	0	0	0	0
MZ670899	909	301	167	233	208	0	0	0	0	0
MZ670900	909	298	175	234	202	0	0	0	0	0
MZ670901	909	300	165	230	214	0	0	0	0	0
MZ670902	909	305	174	230	200	0	0	0	0	0
MZ670903	909	302	164	233	210	0	0	0	0	0
MZ670904	909	300	164	234	211	0	0	0	0	0
MZ670905	909	299	163	236	211	0	0	0	0	0
MZ670906	909	299	164	236	210	0	0	0	0	0
MZ670907	909	300	166	236	207	0	0	0	0	0
MZ670908	909	300	164	236	209	0	0	0	0	0
MZ670909	909	299	164	237	209	0	0	0	0	0
MZ670910	909	298	164	237	210	0	0	0	0	0
MZ670911	909	301	164	234	210	0	0	0	0	0
MZ670912	909	299	160	233	217	0	0	0	0	0
MZ670913	909	300	170	233	206	0	0	0	0	0
MZ670914	909	300	171	232	206	0	0	0	0	0
MZ670915	909	299	170	232	208	0	0	0	0	0
MZ670916	909	301	172	231	205	0	0	0	0	0
MZ670917	909	300	169	233	207	0	0	0	0	0
MZ670918	909	306	169	228	206	0	0	0	0	0
MZ670919	909	297	164	237	211	0	0	0	0	0
MZ670920	909	289	163	242	215	0	0	0	0	0
MZ670921	909	297	160	233	219	0	0	0	0	0
MZ670922	909	295	170	235	209	0	0	0	0	0
MZ670923	909	295	177	235	202	0	0	0	0	0
MZ670924	909	299	167	238	205	0	0	0	0	0
MZ670925	909	316	167	240	186	0	0	0	0	0
MZ670926	909	302	172	232	203	0	0	0	0	0
MZ670927	909	302	174	232	201	0	0	0	0	0
MZ670928	909	300	173	234	202	0	0	0	0	0
MZ670929	909	302	172	233	202	0	0	0	0	0
MZ670930	909	295	171	231	212	0	0	0	0	0
MZ670931	909	298	168	233	210	0	0	0	0	0
MZ670932	909	294	167	235	213	0	0	0	0	0
MZ670933	909	297	164	234	214	0	0	0	0	0
MZ670934	909	303	174	226	206	0	0	0	0	0
MZ670935	909	305	177	226	201	0	0	0	0	0
MZ670936	909	304	167	229	209	0	0	0	0	0
MZ670937	909	302	172	229	206	0	0	0	0	0
MZ670938	909	301	171	233	204	0	0	0	0	0
MZ670939	909	298	176	235	200	0	0	0	0	0
MZ670940	909	300	170	232	207	0	0	0	0	0
MZ670941	909	303	169	225	212	0	0	0	0	0
MZ670942	909	296	170	233	210	0	0	0	0	0
MZ670943	909	297	169	234	209	0	0	0	0	0
MZ670944	909	298	170	230	211	0	0	0	0	0
MZ670945	909	295	178	227	209	0	0	0	0	0
MZ670946	909	303	169	231	206	0	0	0	0	0
MZ670947	909	296	165	228	220	0	0	0	0	0
MZ670948	909	293	168	244	204	0	0	0	0	0
MZ670949	909	299	177	232	201	0	0	0	0	0
MZ670950	909	293	170	226	220	0	0	0	0	0
MZ670951	909	300	175	222	212	0	0	0	0	0
MZ670952	909	298	167	234	210	0	0	0	0	0
MZ670953	909	301	174	231	203	0	0	0	0	0
MZ670954	909	295	174	234	206	0	0	0	0	0
MZ670955	909	297	165	236	211	0	0	0	0	0
MZ670956	909	295	164	232	218	0	0	0	0	0
MZ670957	909	298	167	234	210	0	0	0	0	0
MZ670958	909	298	174	235	202	0	0	0	0	0
MZ670959	909	300	165	233	211	0	0	0	0	0
MZ670960	909	293	167	235	214	0	0	0	0	0
MZ670961	909	297	173	230	209	0	0	0	0	0
MZ670962	909	301	165	233	210	0	0	0	0	0
MZ670963	909	301	172	232	204	0	0	0	0	0
MZ670964	909	290	170	236	213	0	0	0	0	0
MZ670965	909	301	171	232	205	0	0	0	0	0
MZ670966	909	299	171	233	206	0	0	0	0	0
MZ670967	909	303	171	233	202	0	0	0	0	0
MZ670968	909	299	171	233	206	0	0	0	0	0
MZ670969	909	297	174	235	203	0	0	0	0	0
MZ670970	909	301	166	231	211	0	0	0	0	0
MZ670971	909	296	172	235	206	0	0	0	0	0
MZ670972	909	299	172	237	201	0	0	0	0	0
MZ670973	909	300	163	233	213	0	0	0	0	0
MZ670974	909	299	162	236	212	0	0	0	0	0
MZ670975	909	296	169	232	212	0	0	0	0	0
MZ670976	909	298	173	232	206	0	0	0	0	0
MZ670977	909	299	170	233	207	0	0	0	0	0
MZ670978	909	297	165	237	210	0	0	0	0	0
MZ670979	909	302	172	231	204	0	0	0	0	0
MZ670980	909	296	168	235	210	0	0	0	0	0
MZ670981	909	298	175	231	205	0	0	0	0	0
MZ670982	909	299	168	234	208	0	0	0	0	0
MZ670983	909	296	164	234	215	0	0	0	0	0
MZ670984	909	304	170	232	203	0	0	0	0	0
MZ670985	909	301	165	234	209	0	0	0	0	0
MZ670986	909	302	170	231	206	0	0	0	0	0
MZ670987	909	293	165	232	219	0	0	0	0	0
MZ670988	909	295	167	237	210	0	0	0	0	0
MZ670989	909	301	167	235	206	0	0	0	0	0
MZ670990	909	303	169	235	202	0	0	0	0	0
MZ670991	909	306	167	230	206	0	0	0	0	0
MZ670992	909	304	170	233	202	0	0	0	0	0
MZ670993	909	305	169	228	207	0	0	0	0	0
MZ670994	909	301	173	230	205	0	0	0	0	0
MZ670995	909	300	171	234	204	0	0	0	0	0
MZ670996	909	298	172	233	206	0	0	0	0	0
MZ670997	909	305	166	228	210	0	0	0	0	0
MZ670998	909	300	172	232	205	0	0	0	0	0
MZ670999	909	299	173	234	203	0	0	0	0	0
MZ671000	909	301	166	235	207	0	0	0	0	0
MZ671001	909	297	174	232	206	0	0	0	0	0
MZ671002	909	298	173	233	205	0	0	0	0	0
MZ671003	909	290	179	235	205	0	0	0	0	0
MZ671004	909	300	172	230	207	0	0	0	0	0
MZ671005	909	299	173	231	206	0	0	0	0	0
MZ671006	909	298	165	235	211	0	0	0	0	0
MZ671007	909	300	167	233	209	0	0	0	0	0
MZ671008	909	299	176	225	209	0	0	0	0	0
MZ671009	909	300	172	230	207	0	0	0	0	0
MZ671010	909	298	174	233	204	0	0	0	0	0
MZ671011	909	298	170	234	207	0	0	0	0	0
MZ671012	909	302	170	232	205	0	0	0	0	0
MZ671013	909	296	167	234	212	0	0	0	0	0
MZ671014	909	300	172	233	204	0	0	0	0	0
MZ671015	909	299	172	231	207	0	0	0	0	0
MZ671016	909	301	173	231	204	0	0	0	0	0
MZ671017	909	299	167	231	212	0	0	0	0	0
MZ671018	909	303	172	230	204	0	0	0	0	0
MZ671019	909	296	174	233	206	0	0	0	0	0
MZ671020	909	300	172	228	209	0	0	0	0	0
OQ677004	402	125	83	106	88	0	0	0	0	0
OQ677005	414	127	81	111	95	0	0	0	0	0
OQ677006	402	124	80	107	91	0	0	0	0	0
OQ677007	402	124	80	107	91	0	0	0	0	0
OQ677008	402	125	80	106	91	0	0	0	0	0
OQ677009	402	124	80	107	91	0	0	0	0	0
OQ677010	402	125	84	105	88	0	0	0	0	0
OQ677011	402	124	80	107	91	0	0	0	0	0
OQ677012	411	128	82	109	92	0	0	0	0	0
OQ677013	402	124	80	107	91	0	0	0	0	0
OQ677014	402	126	81	103	92	0	0	0	0	0
OQ677015	387	124	79	95	89	0	0	0	0	0
OQ677016	402	128	83	102	89	0	0	0	0	0
OR004208	408	131	84	103	90	0	0	0	0	0
OR004209	401	126	81	103	91	0	0	0	0	0
OR004210	401	127	85	102	87	0	0	0	0	0
OR004211	401	126	82	103	90	0	0	0	0	0
OR004212	401	126	83	103	89	0	0	0	0	0
OR004213	401	127	83	102	89	0	0	0	0	0
OR004214	401	127	83	102	89	0	0	0	0	0
OR004215	401	127	81	102	91	0	0	0	0	0
OR004216	401	127	83	102	89	0	0	0	0	0
OR004217	401	123	80	108	90	0	0	0	0	0
OR004218	401	124	81	106	90	0	0	0	0	0
OR004219	401	124	80	106	91	0	0	0	0	0
OR004220	401	124	79	106	92	0	0	0	0	0
OR004221	401	124	79	106	92	0	0	0	0	0
OR004222	401	124	80	106	91	0	0	0	0	0
OR004223	401	123	80	107	91	0	0	0	0	0
OR004224	401	123	80	107	91	0	0	0	0	0
OR004225	401	123	80	107	91	0	0	0	0	0
OR004226	401	123	81	107	90	0	0	0	0	0
OR004227	401	124	80	106	91	0	0	0	0	0
OR004228	401	123	80	107	91	0	0	0	0	0
OR004229	401	124	82	106	89	0	0	0	0	0
OR004230	401	123	81	106	91	0	0	0	0	0
OR004231	401	126	79	103	93	0	0	0	0	0
OR004232	368	116	75	94	83	0	0	0	0	0
MZ695335	909	295	172	238	204	0	0	0	0	0
MZ695336	909	295	170	235	209	0	0	0	0	0
MZ695337	909	299	170	232	208	0	0	0	0	0
MZ695338	909	301	166	233	209	0	0	0	0	0
MZ695339	909	301	163	232	213	0	0	0	0	0
MZ695340	909	305	165	229	210	0	0	0	0	0
MZ695341	909	302	169	233	205	0	0	0	0	0
MZ695342	909	301	169	234	205	0	0	0	0	0
MZ695343	909	297	162	235	215	0	0	0	0	0
MZ695344	909	305	165	231	208	0	0	0	0	0
MZ695345	909	294	170	239	206	0	0	0	0	0
MZ695346	909	304	168	231	206	0	0	0	0	0
MZ695347	909	301	170	232	206	0	0	0	0	0
MZ695348	909	299	172	236	202	0	0	0	0	0
MZ695349	909	300	175	234	200	0	0	0	0	0
MZ695350	909	302	172	233	202	0	0	0	0	0
MZ695351	909	304	171	232	202	0	0	0	0	0
MZ695352	909	302	166	230	211	0	0	0	0	0
MZ695353	909	299	173	234	203	0	0	0	0	0
MZ695354	909	305	162	226	216	0	0	0	0	0
MZ695355	909	304	167	229	209	0	0	0	0	0
MZ695356	909	296	162	236	215	0	0	0	0	0
MZ695357	909	298	168	232	211	0	0	0	0	0
MZ695358	909	302	167	234	206	0	0	0	0	0
MZ695359	909	300	172	233	204	0	0	0	0	0
MZ695360	909	295	166	237	211	0	0	0	0	0
MZ695361	909	303	169	229	208	0	0	0	0	0
MZ695362	909	302	170	234	203	0	0	0	0	0
MZ695363	909	297	164	237	211	0	0	0	0	0
MZ695364	909	299	169	234	207	0	0	0	0	0
MZ695365	909	294	165	238	212	0	0	0	0	0
MZ695366	909	301	169	231	208	0	0	0	0	0
MZ695367	909	300	171	239	199	0	0	0	0	0
MZ695368	909	294	175	237	203	0	0	0	0	0
MZ695369	909	298	167	236	208	0	0	0	0	0
MZ695370	909	297	174	234	204	0	0	0	0	0
MZ695371	909	299	168	232	210	0	0	0	0	0
MZ695372	909	301	170	232	206	0	0	0	0	0
MZ695373	909	298	168	236	207	0	0	0	0	0
MZ695374	909	295	170	237	207	0	0	0	0	0
MZ695375	909	299	166	233	211	0	0	0	0	0
MZ695376	909	298	171	235	205	0	0	0	0	0
MZ695377	909	299	171	235	204	0	0	0	0	0
MZ695378	909	294	170	237	208	0	0	0	0	0
MZ695379	909	298	169	233	209	0	0	0	0	0
MZ695380	909	300	164	233	212	0	0	0	0	0
MZ695381	909	300	171	233	205	0	0	0	0	0
MZ695382	909	303	168	232	206	0	0	0	0	0
MZ695383	909	302	165	233	209	0	0	0	0	0
MZ695384	909	302	171	233	203	0	0	0	0	0
MZ695385	909	300	174	233	202	0	0	0	0	0
MZ695386	909	303	170	232	204	0	0	0	0	0
MZ695387	909	304	171	231	203	0	0	0	0	0
MZ695388	909	303	169	232	205	0	0	0	0	0
MZ695389	909	297	171	238	203	0	0	0	0	0
MZ695390	909	303	167	232	207	0	0	0	0	0
MZ695391	909	299	167	233	210	0	0	0	0	0
MZ695392	909	297	167	233	212	0	0	0	0	0
MZ695393	909	293	168	237	211	0	0	0	0	0
MZ695394	909	294	169	239	207	0	0	0	0	0
MZ695395	909	304	175	228	201	1	0	0	0	0
MZ695396	909	299	174	232	204	0	0	0	0	0
MZ695397	909	301	168	231	209	0	0	0	0	0
MZ695398	909	303	168	232	206	0	0	0	0	0
MZ695399	909	303	170	230	206	0	0	0	0	0
MZ695400	909	300	172	234	203	0	0	0	0	0
MZ695401	909	297	171	235	206	0	0	0	0	0
MZ695402	909	300	165	231	213	0	0	0	0	0
MZ695403	909	288	173	238	210	0	0	0	0	0
MZ695404	909	296	168	236	209	0	0	0	0	0
MZ695405	909	304	167	230	208	0	0	0	0	0
MZ695406	909	302	169	230	208	0	0	0	0	0
MZ695407	909	296	170	233	210	0	0	0	0	0
MZ695408	909	301	165	231	212	0	0	0	0	0
MZ695409	909	303	164	228	214	0	0	0	0	0
MZ695410	909	299	167	231	212	0	0	0	0	0
MZ695411	909	297	169	234	209	0	0	0	0	0
MZ695412	909	295	169	237	208	0	0	0	0	0
MZ695413	909	306	165	228	210	0	0	0	0	0
MZ695414	909	296	171	236	206	0	0	0	0	0
MZ695415	909	298	170	231	210	0	0	0	0	0
MZ695416	909	297	172	236	204	0	0	0	0	0
MZ695417	909	304	166	229	210	0	0	0	0	0
MZ695418	909	295	172	234	208	0	0	0	0	0
MZ695419	909	302	168	230	209	0	0	0	0	0
MZ695420	909	302	169	230	208	0	0	0	0	0
MZ695421	909	297	162	229	221	0	0	0	0	0
MZ695422	909	306	167	228	208	0	0	0	0	0
MZ695423	909	301	163	230	215	0	0	0	0	0
MZ695424	909	299	175	231	204	0	0	0	0	0
MZ695425	909	301	167	230	211	0	0	0	0	0
MZ695426	909	296	172	238	203	0	0	0	0	0
MZ695427	909	292	171	238	208	0	0	0	0	0
MZ695428	909	302	169	228	210	0	0	0	0	0
MZ695429	909	294	176	235	204	0	0	0	0	0
MZ695430	909	301	163	230	215	0	0	0	0	0
MZ695431	909	300	171	232	206	0	0	0	0	0
MZ695432	909	301	165	229	214	0	0	0	0	0
MZ695433	909	295	173	239	202	0	0	0	0	0
MZ695434	909	305	168	225	211	0	0	0	0	0
MZ695435	909	299	168	232	210	0	0	0	0	0
MZ695436	909	301	169	232	207	0	0	0	0	0
MZ695437	909	304	170	229	206	0	0	0	0	0
MZ695438	909	290	172	239	208	0	0	0	0	0
MZ695439	909	302	172	233	202	0	0	0	0	0
MZ695440	909	300	167	235	207	0	0	0	0	0
MZ695441	909	297	170	236	206	0	0	0	0	0
MZ695442	909	301	162	233	213	0	0	0	0	0
MZ695443	909	299	167	229	214	0	0	0	0	0
MZ695444	909	301	164	229	215	0	0	0	0	0
MZ695445	909	302	168	232	207	0	0	0	0	0
MZ695446	909	298	168	232	211	0	0	0	0	0
MZ695447	909	294	173	234	208	0	0	0	0	0
MZ695448	909	302	163	230	214	0	0	0	0	0
MW835991	909	297	174	235	203	0	0	0	0	0
MW835992	909	302	169	226	212	0	0	0	0	0
MW835993	909	299	171	240	199	0	0	0	0	0
MW835994	909	309	172	224	204	0	0	0	0	0
MW835995	909	295	164	230	220	0	0	0	0	0
MW835996	909	293	170	236	210	0	0	0	0	0
MW835997	909	296	169	232	212	0	0	0	0	0
MW835998	909	301	173	226	209	0	0	0	0	0
MW835999	909	301	169	232	207	0	0	0	0	0
MW836000	909	301	169	236	203	0	0	0	0	0
MW836001	909	301	170	232	206	0	0	0	0	0
MW836002	909	298	169	235	207	0	0	0	0	0
MW836003	909	303	170	231	205	0	0	0	0	0
MW836004	909	298	168	232	211	0	0	0	0	0
MW836005	909	299	168	232	210	0	0	0	0	0
MW836006	909	303	158	229	219	0	0	0	0	0
MW836007	909	298	175	233	203	0	0	0	0	0
MW836008	909	294	169	234	212	0	0	0	0	0
MW836009	909	298	173	232	206	0	0	0	0	0
MW836010	909	299	169	232	209	0	0	0	0	0
MT591036	909	300	168	233	208	0	0	0	0	0
MT591037	909	298	168	233	210	0	0	0	0	0
MT591038	909	300	168	230	211	0	0	0	0	0
MT591039	909	303	167	231	208	0	0	0	0	0
MT591040	909	301	166	232	210	0	0	0	0	0
MT591041	909	294	165	239	211	0	0	0	0	0
MT591042	909	310	171	226	202	0	0	0	0	0
MT591043	909	299	168	233	209	0	0	0	0	0
MT591044	909	305	168	229	207	0	0	0	0	0
MT591045	909	298	172	235	204	0	0	0	0	0
MT591046	909	300	170	233	206	0	0	0	0	0
MT591047	909	306	168	228	207	0	0	0	0	0
MT591048	909	301	167	234	207	0	0	0	0	0
MT591049	909	305	169	229	206	0	0	0	0	0
MT591050	909	306	173	227	203	0	0	0	0	0
MT591051	909	297	168	233	211	0	0	0	0	0
MT591052	909	316	163	220	210	0	0	0	0	0
MT591053	909	302	171	231	205	0	0	0	0	0
MT591054	909	298	168	236	207	0	0	0	0	0
MT591055	909	301	171	233	204	0	0	0	0	0
MT591056	909	298	169	232	210	0	0	0	0	0
MT591057	909	300	172	234	203	0	0	0	0	0
MT591058	909	305	170	226	208	0	0	0	0	0
MT591059	909	301	172	231	205	0	0	0	0	0
MT591060	909	302	170	232	205	0	0	0	0	0
MT591061	909	290	168	242	209	0	0	0	0	0
MT591062	909	298	168	234	209	0	0	0	0	0
MT591063	909	300	174	233	202	0	0	0	0	0
MT591064	909	302	170	229	208	0	0	0	0	0
MT591065	909	301	173	232	203	0	0	0	0	0
MT591066	909	297	169	236	207	0	0	0	0	0
MT591067	909	303	168	229	209	0	0	0	0	0
MT591068	909	300	167	235	207	0	0	0	0	0
MT591069	909	305	170	229	205	0	0	0	0	0
MT591070	909	303	168	229	209	0	0	0	0	0
MT591071	909	300	166	232	211	0	0	0	0	0
MT591072	909	301	171	232	205	0	0	0	0	0
MT591073	909	301	166	232	210	0	0	0	0	0
MT591074	909	300	169	232	208	0	0	0	0	0
MT591075	909	297	168	237	207	0	0	0	0	0
MT591076	909	295	173	237	204	0	0	0	0	0
MT591077	909	300	166	234	209	0	0	0	0	0
MT591078	909	303	164	228	214	0	0	0	0	0
MT591079	909	295	164	239	211	0	0	0	0	0
MT591080	909	301	171	233	204	0	0	0	0	0
MT591081	909	300	171	232	206	0	0	0	0	0
MT591082	909	299	171	233	206	0	0	0	0	0
MT553854	909	302	173	232	202	0	0	0	0	0
MT501332	909	300	170	231	208	0	0	0	0	0
MT501333	909	300	171	233	205	0	0	0	0	0
MT501334	909	299	171	231	208	0	0	0	0	0
MT501335	909	300	170	231	208	0	0	0	0	0
MT501336	909	294	168	238	209	0	0	0	0	0
MT501337	909	297	172	234	206	0	0	0	0	0
MT501338	909	300	166	232	211	0	0	0	0	0
MT501339	909	300	169	234	206	0	0	0	0	0
MT501340	909	300	169	231	209	0	0	0	0	0
MT501341	909	306	161	225	217	0	0	0	0	0
MT501342	909	302	168	235	204	0	0	0	0	0
MT501343	909	296	171	233	209	0	0	0	0	0
MT501344	909	299	162	234	214	0	0	0	0	0
MT501345	909	299	175	232	203	0	0	0	0	0
MT501346	909	300	170	231	208	0	0	0	0	0
MT501347	909	297	168	233	211	0	0	0	0	0
MT501348	909	297	174	235	203	0	0	0	0	0
MT501349	909	298	170	232	209	0	0	0	0	0
MT501350	909	299	172	235	203	0	0	0	0	0
MT501351	909	298	172	233	206	0	0	0	0	0
MT501352	909	301	170	232	206	0	0	0	0	0
MT501353	909	293	169	238	209	0	0	0	0	0
MT501354	909	300	174	232	203	0	0	0	0	0
MT501355	909	298	175	233	203	0	0	0	0	0
MT501356	909	301	172	233	203	0	0	0	0	0
MT501357	909	301	175	232	201	0	0	0	0	0
MT501358	909	297	168	234	210	0	0	0	0	0
MT501399	909	306	166	226	211	0	0	0	0	0
MT501400	909	298	168	235	208	0	0	0	0	0
MT501401	909	293	172	239	205	0	0	0	0	0
MT501402	909	303	172	232	202	0	0	0	0	0
MT501403	909	298	171	236	204	0	0	0	0	0
MT501404	909	299	172	235	203	0	0	0	0	0
MT501405	909	299	170	234	206	0	0	0	0	0
MT501406	909	302	167	234	206	0	0	0	0	0
MT501407	909	301	171	231	206	0	0	0	0	0
MT501408	909	304	167	230	208	0	0	0	0	0
MT501409	909	299	164	236	210	0	0	0	0	0
MT501410	909	291	169	238	211	0	0	0	0	0
MT501411	909	300	171	231	207	0	0	0	0	0
MT501412	909	303	170	230	206	0	0	0	0	0
MT501413	909	305	168	229	207	0	0	0	0	0
MT501414	909	299	171	231	208	0	0	0	0	0
MT501415	909	304	171	229	205	0	0	0	0	0
MT501416	909	289	168	244	208	0	0	0	0	0
MT501417	909	302	172	231	204	0	0	0	0	0
MT501418	909	299	169	235	206	0	0	0	0	0
MT501419	909	298	172	232	207	0	0	0	0	0
MT501420	909	298	172	235	204	0	0	0	0	0
MT501421	909	296	169	238	206	0	0	0	0	0
MT501422	909	300	173	233	203	0	0	0	0	0
MT501423	909	301	170	232	206	0	0	0	0	0
MT501424	909	307	168	229	205	0	0	0	0	0
MT501425	909	300	171	230	208	0	0	0	0	0
MT501426	909	302	171	234	202	0	0	0	0	0
MT501427	909	298	171	233	207	0	0	0	0	0
MT501428	909	302	171	231	205	0	0	0	0	0
MT501429	909	296	171	235	207	0	0	0	0	0
MT501430	909	304	169	232	204	0	0	0	0	0
MT501431	909	305	167	227	210	0	0	0	0	0
MT501432	909	300	171	233	205	0	0	0	0	0
MT501433	909	295	165	236	213	0	0	0	0	0
MT501434	909	301	170	237	201	0	0	0	0	0
MT501435	909	306	174	231	198	0	0	0	0	0
MT501436	909	300	171	233	205	0	0	0	0	0
MT501437	909	300	175	232	202	0	0	0	0	0
MT501438	909	305	173	230	201	0	0	0	0	0
MT501439	909	302	170	232	205	0	0	0	0	0
MT501440	909	300	166	232	211	0	0	0	0	0
MT501441	909	302	175	232	200	0	0	0	0	0
MT501442	909	300	171	232	206	0	0	0	0	0
MT501443	909	300	168	232	209	0	0	0	0	0
MT501444	909	301	164	231	213	0	0	0	0	0
MT501445	909	302	167	228	212	0	0	0	0	0
MT501446	909	297	172	236	204	0	0	0	0	0
MT501447	909	294	162	240	213	0	0	0	0	0
MT501448	909	301	170	230	208	0	0	0	0	0
MT501449	909	301	167	230	211	0	0	0	0	0
MT501450	909	299	168	236	206	0	0	0	0	0
MT501451	909	302	170	233	204	0	0	0	0	0
MT542849	909	300	169	233	207	0	0	0	0	0
MT542850	909	303	167	228	211	0	0	0	0	0
MT542851	909	299	167	232	211	0	0	0	0	0
MT542852	909	300	171	233	205	0	0	0	0	0
MT542853	909	303	175	232	199	0	0	0	0	0
MT542854	909	301	167	235	206	0	0	0	0	0
MT542855	909	302	168	233	206	0	0	0	0	0
MT542856	909	296	172	235	206	0	0	0	0	0
MT542857	909	297	172	234	206	0	0	0	0	0
MT542858	909	299	176	232	202	0	0	0	0	0
MT542859	909	293	174	233	209	0	0	0	0	0
MT542860	909	298	168	234	209	0	0	0	0	0
MT542861	909	303	168	232	206	0	0	0	0	0
MT542862	909	297	172	235	205	0	0	0	0	0
MT542863	909	293	169	239	208	0	0	0	0	0
MT542864	909	295	164	236	214	0	0	0	0	0
MK814865	402	128	83	102	89	0	0	0	0	0
MK814866	402	128	84	102	88	0	0	0	0	0
MK814867	402	124	82	106	90	0	0	0	0	0
MK814868	402	129	83	101	89	0	0	0	0	0
AJ238401	912	302	167	231	212	0	0	0	0	0
AJ244043	909	301	169	231	208	0	0	0	0	0
AJ244044	909	301	169	230	209	0	0	0	0	0
AJ244045	909	300	166	232	211	0	0	0	0	0
AJ244046	909	295	167	232	215	0	0	0	0	0
AJ244047	909	306	167	225	211	0	0	0	0	0
AJ244048	909	303	171	230	205	0	0	0	0	0
AJ244049	909	298	172	235	204	0	0	0	0	0
AJ244050	873	288	161	221	203	0	0	0	0	0
AJ244051	873	288	161	221	203	0	0	0	0	0
AJ244052	873	283	167	222	201	0	0	0	0	0
AJ244053	873	288	161	221	203	0	0	0	0	0
AJ244054	909	301	173	230	205	0	0	0	0	0
AJ244055	909	296	169	231	213	0	0	0	0	0
AJ244056	909	301	170	234	204	0	0	0	0	0
AJ244057	909	304	170	227	208	0	0	0	0	0
AJ244058	909	296	166	237	210	0	0	0	0	0
AJ244059	909	306	165	228	210	0	0	0	0	0
AJ244060	909	305	168	227	209	0	0	0	0	0
AJ244061	909	305	168	227	209	0	0	0	0	0
AJ244062	909	306	163	227	213	0	0	0	0	0
AJ244063	909	304	170	228	207	0	0	0	0	0
AJ244064	909	296	166	236	211	0	0	0	0	0
AJ244065	909	294	166	231	218	0	0	0	0	0
AJ244066	909	298	171	229	211	0	0	0	0	0
U42596	909	305	169	227	208	0	0	0	0	0
OK239701	909	303	172	229	205	0	0	0	0	0
OK239702	909	303	174	229	203	0	0	0	0	0
OL739290	909	301	174	231	203	0	0	0	0	0
