strain	virus	species	isolates	region	country	host	authors	date
MZ670783	Yam mosaic virus	Potyvirus yamtesselati	R-Oct-20-300-1	Nigeria	Nigeria	Dioscorea cayenensis subsp. rotundata	Osundahunsi et al.	2020-10-01
MZ670784	Yam mosaic virus	Potyvirus yamtesselati	R-Sep-20-1000-1	Nigeria	Nigeria	Dioscorea cayenensis subsp. rotundata	Osundahunsi et al.	2020-09-01
MZ670785	Yam mosaic virus	Potyvirus yamtesselati	R-Oct-20-1000-1	Nigeria	Nigeria	Dioscorea cayenensis subsp. rotundata	Osundahunsi et al.	2020-10-01
MZ670786	Yam mosaic virus	Potyvirus yamtesselati	R-Sep-20-1000-2	Nigeria	Nigeria	Dioscorea cayenensis subsp. rotundata	Osundahunsi et al.	2020-09-01
MZ670787	Yam mosaic virus	Potyvirus yamtesselati	R-Sep-20-1000-3	Nigeria	Nigeria	Dioscorea cayenensis subsp. rotundata	Osundahunsi et al.	2020-09-01
MZ670788	Yam mosaic virus	Potyvirus yamtesselati	R-Aug-20-300-1	Nigeria	Nigeria	Dioscorea cayenensis subsp. rotundata	Osundahunsi et al.	2020-08-01
MZ670789	Yam mosaic virus	Potyvirus yamtesselati	R-Aug-20-300-2	Nigeria	Nigeria	Dioscorea cayenensis subsp. rotundata	Osundahunsi et al.	2020-08-01
MZ670790	Yam mosaic virus	Potyvirus yamtesselati	R-Aug-20-300-3	Nigeria	Nigeria	Dioscorea cayenensis subsp. rotundata	Osundahunsi et al.	2020-08-01
MZ670791	Yam mosaic virus	Potyvirus yamtesselati	R-Oct-20-500-2	Nigeria	Nigeria	Dioscorea cayenensis subsp. rotundata	Osundahunsi et al.	2020-10-01
MZ670792	Yam mosaic virus	Potyvirus yamtesselati	R-Aug-20-500-1	Nigeria	Nigeria	Dioscorea cayenensis subsp. rotundata	Osundahunsi et al.	2020-08-01
MZ670793	Yam mosaic virus	Potyvirus yamtesselati	R-Aug-20-500-2	Nigeria	Nigeria	Dioscorea cayenensis subsp. rotundata	Osundahunsi et al.	2020-08-01
MZ670794	Yam mosaic virus	Potyvirus yamtesselati	R-Sep-20-300-1	Nigeria	Nigeria	Dioscorea cayenensis subsp. rotundata	Osundahunsi et al.	2020-09-01
MZ670795	Yam mosaic virus	Potyvirus yamtesselati	R-Sep-20-300-2	Nigeria	Nigeria	Dioscorea cayenensis subsp. rotundata	Osundahunsi et al.	2020-09-01
MZ670796	Yam mosaic virus	Potyvirus yamtesselati	R-Sep-20-500-1	Nigeria	Nigeria	Dioscorea cayenensis subsp. rotundata	Osundahunsi et al.	2020-09-01
MZ670797	Yam mosaic virus	Potyvirus yamtesselati	R-Sep-20-500-2	Nigeria	Nigeria	Dioscorea cayenensis subsp. rotundata	Osundahunsi et al.	2020-09-01
MZ670798	Yam mosaic virus	Potyvirus yamtesselati	R-Sep-20-500-3	Nigeria	Nigeria	Dioscorea cayenensis subsp. rotundata	Osundahunsi et al.	2020-09-01
MZ670799	Yam mosaic virus	Potyvirus yamtesselati	R-Sep-20-1000-7	Nigeria	Nigeria	Dioscorea cayenensis subsp. rotundata	Osundahunsi et al.	2020-09-01
MZ670800	Yam mosaic virus	Potyvirus yamtesselati	R-Sep-20-1000-8	Nigeria	Nigeria	Dioscorea cayenensis subsp. rotundata	Osundahunsi et al.	2020-09-01
MZ670801	Yam mosaic virus	Potyvirus yamtesselati	R-Oct-20-300-3	Nigeria	Nigeria	Dioscorea cayenensis subsp. rotundata	Osundahunsi et al.	2020-10-01
MZ670802	Yam mosaic virus	Potyvirus yamtesselati	R-Oct-20-300-4	Nigeria	Nigeria	Dioscorea cayenensis subsp. rotundata	Osundahunsi et al.	2020-10-01
MZ670803	Yam mosaic virus	Potyvirus yamtesselati	R-Oct-20-1000-2	Nigeria	Nigeria	Dioscorea cayenensis subsp. rotundata	Osundahunsi et al.	2020-10-01
MZ670804	Yam mosaic virus	Potyvirus yamtesselati	R-Oct-20-1000-3	Nigeria	Nigeria	Dioscorea cayenensis subsp. rotundata	Osundahunsi et al.	2020-10-01
MZ670805	Yam mosaic virus	Potyvirus yamtesselati	R-Oct-20-500-3	Nigeria	Nigeria	Dioscorea cayenensis subsp. rotundata	Osundahunsi et al.	2020-10-01
MZ670806	Yam mosaic virus	Potyvirus yamtesselati	R-Oct-20-500-4	Nigeria	Nigeria	Dioscorea cayenensis subsp. rotundata	Osundahunsi et al.	2020-10-01
MZ670807	Yam mosaic virus	Potyvirus yamtesselati	F-May-20-500-1	Nigeria	Nigeria	Dioscorea cayenensis subsp. rotundata	Osundahunsi et al.	2020-08-01
MZ670808	Yam mosaic virus	Potyvirus yamtesselati	F-May-20-300-1	Nigeria	Nigeria	Dioscorea cayenensis subsp. rotundata	Osundahunsi et al.	2020-08-01
MZ670809	Yam mosaic virus	Potyvirus yamtesselati	F-May-20-500-2	Nigeria	Nigeria	Dioscorea cayenensis subsp. rotundata	Osundahunsi et al.	2020-08-01
MZ670810	Yam mosaic virus	Potyvirus yamtesselati	F-Apr-20-1000-1	Nigeria	Nigeria	Dioscorea cayenensis subsp. rotundata	Osundahunsi et al.	2020-08-01
MZ670811	Yam mosaic virus	Potyvirus yamtesselati	F-Apr-20-1000-2	Nigeria	Nigeria	Dioscorea cayenensis subsp. rotundata	Osundahunsi et al.	2020-08-01
MZ670812	Yam mosaic virus	Potyvirus yamtesselati	F-May-20-300-2	Nigeria	Nigeria	Dioscorea cayenensis subsp. rotundata	Osundahunsi et al.	2020-08-01
MZ670813	Yam mosaic virus	Potyvirus yamtesselati	F-May-20-300-3	Nigeria	Nigeria	Dioscorea cayenensis subsp. rotundata	Osundahunsi et al.	2020-08-01
MZ670814	Yam mosaic virus	Potyvirus yamtesselati	F-Apr-20-1000-3	Nigeria	Nigeria	Dioscorea cayenensis subsp. rotundata	Osundahunsi et al.	2020-08-01
MZ670815	Yam mosaic virus	Potyvirus yamtesselati	F-Apr-20-1000-4	Nigeria	Nigeria	Dioscorea cayenensis subsp. rotundata	Osundahunsi et al.	2020-08-01
MZ670816	Yam mosaic virus	Potyvirus yamtesselati	R-Nov-17-YB2	Nigeria	Nigeria	Dioscorea cayenensis subsp. rotundata	Osundahunsi et al.	2017-11-14
MZ670817	Yam mosaic virus	Potyvirus yamtesselati	R-Nov-17-YB3	Nigeria	Nigeria	Dioscorea cayenensis subsp. rotundata	Osundahunsi et al.	2017-11-14
MZ670818	Yam mosaic virus	Potyvirus yamtesselati	R-Nov-17-YB4	Nigeria	Nigeria	Dioscorea cayenensis subsp. rotundata	Osundahunsi et al.	2017-11-14
MZ670819	Yam mosaic virus	Potyvirus yamtesselati	R-Nov-17-YB6	Nigeria	Nigeria	Dioscorea cayenensis subsp. rotundata	Osundahunsi et al.	2017-11-14
MZ670820	Yam mosaic virus	Potyvirus yamtesselati	R-Nov-17-YB7	Nigeria	Nigeria	Dioscorea cayenensis subsp. rotundata	Osundahunsi et al.	2017-11-14
MZ670821	Yam mosaic virus	Potyvirus yamtesselati	R-Nov-17-YB8	Nigeria	Nigeria	Dioscorea cayenensis subsp. rotundata	Osundahunsi et al.	2017-11-14
MZ670822	Yam mosaic virus	Potyvirus yamtesselati	R-Nov-17-YB9	Nigeria	Nigeria	Dioscorea cayenensis subsp. rotundata	Osundahunsi et al.	2017-11-14
MZ670823	Yam mosaic virus	Potyvirus yamtesselati	R-Nov-17-YB10	Nigeria	Nigeria	Dioscorea cayenensis subsp. rotundata	Osundahunsi et al.	2017-11-14
MZ670824	Yam mosaic virus	Potyvirus yamtesselati	R-Nov-17-YB11	Nigeria	Nigeria	Dioscorea cayenensis subsp. rotundata	Osundahunsi et al.	2017-11-14
MZ670825	Yam mosaic virus	Potyvirus yamtesselati	R-Nov-17-YB12	Nigeria	Nigeria	Dioscorea cayenensis subsp. rotundata	Osundahunsi et al.	2017-11-14
MZ670826	Yam mosaic virus	Potyvirus yamtesselati	R-Nov-17-YB13	Nigeria	Nigeria	Dioscorea cayenensis subsp. rotundata	Osundahunsi et al.	2017-11-14
MZ670827	Yam mosaic virus	Potyvirus yamtesselati	R-Nov-17-YB14	Nigeria	Nigeria	Dioscorea cayenensis subsp. rotundata	Osundahunsi et al.	2017-11-14
MZ670828	Yam mosaic virus	Potyvirus yamtesselati	R-Nov-17-YB16	Nigeria	Nigeria	Dioscorea cayenensis subsp. rotundata	Osundahunsi et al.	2017-11-14
MZ670829	Yam mosaic virus	Potyvirus yamtesselati	R-Nov-17-YB18	Nigeria	Nigeria	Dioscorea cayenensis subsp. rotundata	Osundahunsi et al.	2017-11-14
MZ670830	Yam mosaic virus	Potyvirus yamtesselati	R-Nov-17-YB19	Nigeria	Nigeria	Dioscorea cayenensis subsp. rotundata	Osundahunsi et al.	2017-11-14
MZ670831	Yam mosaic virus	Potyvirus yamtesselati	R-Nov-17-YB20	Nigeria	Nigeria	Dioscorea cayenensis subsp. rotundata	Osundahunsi et al.	2017-11-14
MZ670832	Yam mosaic virus	Potyvirus yamtesselati	R-Nov-17-YB21	Nigeria	Nigeria	Dioscorea cayenensis subsp. rotundata	Osundahunsi et al.	2017-11-14
MZ670833	Yam mosaic virus	Potyvirus yamtesselati	F-Apr-18-5-M3	Nigeria	Nigeria	Dioscorea cayenensis subsp. rotundata	Osundahunsi et al.	2018-09-06
MZ670834	Yam mosaic virus	Potyvirus yamtesselati	F-Apr-18-5-L3-1	Nigeria	Nigeria	Dioscorea cayenensis subsp. rotundata	Osundahunsi et al.	2018-04-15
MZ670835	Yam mosaic virus	Potyvirus yamtesselati	F-Apr-18-5-L1-1	Nigeria	Nigeria	Dioscorea cayenensis subsp. rotundata	Osundahunsi et al.	2018-04-15
MZ670836	Yam mosaic virus	Potyvirus yamtesselati	F-Apr-18-5-L3-2	Nigeria	Nigeria	Dioscorea cayenensis subsp. rotundata	Osundahunsi et al.	2018-04-15
MZ670837	Yam mosaic virus	Potyvirus yamtesselati	F-Apr-18-5-L3-3	Nigeria	Nigeria	Dioscorea cayenensis subsp. rotundata	Osundahunsi et al.	2018-04-15
MZ670838	Yam mosaic virus	Potyvirus yamtesselati	F-Apr-18-5-L1-2	Nigeria	Nigeria	Dioscorea cayenensis subsp. rotundata	Osundahunsi et al.	2018-04-15
MZ670839	Yam mosaic virus	Potyvirus yamtesselati	F-Apr-18-5-2	Nigeria	Nigeria	Dioscorea cayenensis subsp. rotundata	Osundahunsi et al.	2018-04-15
MZ670840	Yam mosaic virus	Potyvirus yamtesselati	F-Apr-18-5-L1-3	Nigeria	Nigeria	Dioscorea cayenensis subsp. rotundata	Osundahunsi et al.	2018-04-15
MZ670841	Yam mosaic virus	Potyvirus yamtesselati	F-Apr-18-5-M1	Nigeria	Nigeria	Dioscorea cayenensis subsp. rotundata	Osundahunsi et al.	2018-04-15
MZ670842	Yam mosaic virus	Potyvirus yamtesselati	F-Apr-19-50-S21	Nigeria	Nigeria	Dioscorea cayenensis subsp. rotundata	Osundahunsi et al.	2019-04-07
MZ670843	Yam mosaic virus	Potyvirus yamtesselati	F-Apr-19-50-S4	Nigeria	Nigeria	Dioscorea cayenensis subsp. rotundata	Osundahunsi et al.	2019-04-07
MZ670844	Yam mosaic virus	Potyvirus yamtesselati	F-Apr-19-50-S5	Nigeria	Nigeria	Dioscorea cayenensis subsp. rotundata	Osundahunsi et al.	2019-04-07
MZ670845	Yam mosaic virus	Potyvirus yamtesselati	F-Apr-19-50-S3	Nigeria	Nigeria	Dioscorea cayenensis subsp. rotundata	Osundahunsi et al.	2019-04-07
MZ670846	Yam mosaic virus	Potyvirus yamtesselati	F-May-20-2-X1D	Nigeria	Nigeria	Dioscorea cayenensis subsp. rotundata	Osundahunsi et al.	2020-05-13
MZ670847	Yam mosaic virus	Potyvirus yamtesselati	F-May-20-2-X1B	Nigeria	Nigeria	Dioscorea cayenensis subsp. rotundata	Osundahunsi et al.	2020-05-13
MZ670848	Yam mosaic virus	Potyvirus yamtesselati	F-May-20-2-X2B	Nigeria	Nigeria	Dioscorea cayenensis subsp. rotundata	Osundahunsi et al.	2020-05-13
MZ670849	Yam mosaic virus	Potyvirus yamtesselati	F-May-20-2-X3C	Nigeria	Nigeria	Dioscorea cayenensis subsp. rotundata	Osundahunsi et al.	2020-05-13
MZ670850	Yam mosaic virus	Potyvirus yamtesselati	R-Dec-16-pT2-1	Nigeria	Nigeria	Dioscorea cayenensis subsp. rotundata	Osundahunsi et al.	2016-12-14
MZ670851	Yam mosaic virus	Potyvirus yamtesselati	R-Dec-16-pT2-2	Nigeria	Nigeria	Dioscorea cayenensis subsp. rotundata	Osundahunsi et al.	2016-12-14
MZ670852	Yam mosaic virus	Potyvirus yamtesselati	R-Jan-17-pT2-1	Nigeria	Nigeria	Dioscorea cayenensis subsp. rotundata	Osundahunsi et al.	2017-01-22
MZ670853	Yam mosaic virus	Potyvirus yamtesselati	R-Jan-17-pT1-1	Nigeria	Nigeria	Dioscorea cayenensis subsp. rotundata	Osundahunsi et al.	2017-01-22
MZ670854	Yam mosaic virus	Potyvirus yamtesselati	R-Feb-17-pT1-1	Nigeria	Nigeria	Dioscorea cayenensis subsp. rotundata	Osundahunsi et al.	2017-02-11
MZ670855	Yam mosaic virus	Potyvirus yamtesselati	R-Feb-17-pT3-1	Nigeria	Nigeria	Dioscorea cayenensis subsp. rotundata	Osundahunsi et al.	2017-02-11
MZ670856	Yam mosaic virus	Potyvirus yamtesselati	R-Feb-17-pT1-2	Nigeria	Nigeria	Dioscorea cayenensis subsp. rotundata	Osundahunsi et al.	2017-02-11
MZ670857	Yam mosaic virus	Potyvirus yamtesselati	R-Feb-17-pT3-2	Nigeria	Nigeria	Dioscorea cayenensis subsp. rotundata	Osundahunsi et al.	2017-02-11
MZ670858	Yam mosaic virus	Potyvirus yamtesselati	R-Feb-17-m1-1	Nigeria	Nigeria	Dioscorea cayenensis subsp. rotundata	Osundahunsi et al.	2017-02-11
MZ670859	Yam mosaic virus	Potyvirus yamtesselati	R-Feb-17-m1-2	Nigeria	Nigeria	Dioscorea cayenensis subsp. rotundata	Osundahunsi et al.	2017-02-11
MZ670860	Yam mosaic virus	Potyvirus yamtesselati	R-Feb-17-m1-3	Nigeria	Nigeria	Dioscorea cayenensis subsp. rotundata	Osundahunsi et al.	2017-02-11
MZ670861	Yam mosaic virus	Potyvirus yamtesselati	R-Feb-17-m1-4	Nigeria	Nigeria	Dioscorea cayenensis subsp. rotundata	Osundahunsi et al.	2017-02-11
MZ670862	Yam mosaic virus	Potyvirus yamtesselati	R-Mar-17-pT2-1	Nigeria	Nigeria	Dioscorea cayenensis subsp. rotundata	Osundahunsi et al.	2017-03-21
MZ670863	Yam mosaic virus	Potyvirus yamtesselati	R-Mar-17-pT2-2	Nigeria	Nigeria	Dioscorea cayenensis subsp. rotundata	Osundahunsi et al.	2017-03-21
MZ670864	Yam mosaic virus	Potyvirus yamtesselati	R-Mar-17-pT2-3	Nigeria	Nigeria	Dioscorea cayenensis subsp. rotundata	Osundahunsi et al.	2017-03-21
MZ670865	Yam mosaic virus	Potyvirus yamtesselati	R-Mar-17-pT3-1	Nigeria	Nigeria	Dioscorea cayenensis subsp. rotundata	Osundahunsi et al.	2017-03-21
MZ670866	Yam mosaic virus	Potyvirus yamtesselati	R-Mar-17-pT3-2	Nigeria	Nigeria	Dioscorea cayenensis subsp. rotundata	Osundahunsi et al.	2017-03-21
MZ670867	Yam mosaic virus	Potyvirus yamtesselati	R-Mar-17-pT2-4	Nigeria	Nigeria	Dioscorea cayenensis subsp. rotundata	Osundahunsi et al.	2017-03-21
MZ670868	Yam mosaic virus	Potyvirus yamtesselati	R-Apr-17-m2-1	Nigeria	Nigeria	Dioscorea cayenensis subsp. rotundata	Osundahunsi et al.	2017-04-08
MZ670869	Yam mosaic virus	Potyvirus yamtesselati	R-Apr-17-m2-2	Nigeria	Nigeria	Dioscorea cayenensis subsp. rotundata	Osundahunsi et al.	2017-04-08
MZ670870	Yam mosaic virus	Potyvirus yamtesselati	R-Feb-17-pT4-1	Nigeria	Nigeria	Dioscorea cayenensis subsp. rotundata	Osundahunsi et al.	2017-02-06
MZ670871	Yam mosaic virus	Potyvirus yamtesselati	R-Mar-17-m2-3	Nigeria	Nigeria	Dioscorea cayenensis subsp. rotundata	Osundahunsi et al.	2017-03-21
MZ670872	Yam mosaic virus	Potyvirus yamtesselati	R-Apr-17-m2-3	Nigeria	Nigeria	Dioscorea cayenensis subsp. rotundata	Osundahunsi et al.	2017-04-07
MZ670873	Yam mosaic virus	Potyvirus yamtesselati	R-Mar-17-m2-4	Nigeria	Nigeria	Dioscorea cayenensis subsp. rotundata	Osundahunsi et al.	2017-03-21
MZ670874	Yam mosaic virus	Potyvirus yamtesselati	R-Apr-17-pT2-3	Nigeria	Nigeria	Dioscorea cayenensis subsp. rotundata	Osundahunsi et al.	2017-04-08
MZ670875	Yam mosaic virus	Potyvirus yamtesselati	R-Sep-18-5-pT1	Nigeria	Nigeria	Dioscorea cayenensis subsp. rotundata	Osundahunsi et al.	2018-09-15
MZ670876	Yam mosaic virus	Potyvirus yamtesselati	R-Sep-18-5-pT10	Nigeria	Nigeria	Dioscorea cayenensis subsp. rotundata	Osundahunsi et al.	2018-09-15
MZ670877	Yam mosaic virus	Potyvirus yamtesselati	R-Sep-18-5-pT13	Nigeria	Nigeria	Dioscorea cayenensis subsp. rotundata	Osundahunsi et al.	2018-09-15
MZ670878	Yam mosaic virus	Potyvirus yamtesselati	R-Aug-18-5-pT1	Nigeria	Nigeria	Dioscorea cayenensis subsp. rotundata	Osundahunsi et al.	2018-08-01
MZ670879	Yam mosaic virus	Potyvirus yamtesselati	R-Aug-18-5-pT7	Nigeria	Nigeria	Dioscorea cayenensis subsp. rotundata	Osundahunsi et al.	2018-08-01
MZ670880	Yam mosaic virus	Potyvirus yamtesselati	R-Jul-18-5-pT1	Nigeria	Nigeria	Dioscorea cayenensis subsp. rotundata	Osundahunsi et al.	2018-07-01
MZ670881	Yam mosaic virus	Potyvirus yamtesselati	R-Jul-18-5-pT9	Nigeria	Nigeria	Dioscorea cayenensis subsp. rotundata	Osundahunsi et al.	2018-07-01
MZ670882	Yam mosaic virus	Potyvirus yamtesselati	R-Oct-18-5-pT3	Nigeria	Nigeria	Dioscorea cayenensis subsp. rotundata	Osundahunsi et al.	2018-10-23
MZ670883	Yam mosaic virus	Potyvirus yamtesselati	R-Oct-18-5-pT6	Nigeria	Nigeria	Dioscorea cayenensis subsp. rotundata	Osundahunsi et al.	2018-10-23
MZ670884	Yam mosaic virus	Potyvirus yamtesselati	R-Aug-18-5-pT11	Nigeria	Nigeria	Dioscorea cayenensis subsp. rotundata	Osundahunsi et al.	2018-08-01
MZ670885	Yam mosaic virus	Potyvirus yamtesselati	R-Oct-18-5-pT9	Nigeria	Nigeria	Dioscorea cayenensis subsp. rotundata	Osundahunsi et al.	2018-10-23
MZ670886	Yam mosaic virus	Potyvirus yamtesselati	R-Sep-18-5-pT7	Nigeria	Nigeria	Dioscorea cayenensis subsp. rotundata	Osundahunsi et al.	2018-09-15
MZ670887	Yam mosaic virus	Potyvirus yamtesselati	R-Sep-18-5-pT3	Nigeria	Nigeria	Dioscorea cayenensis subsp. rotundata	Osundahunsi et al.	2018-09-15
MZ670888	Yam mosaic virus	Potyvirus yamtesselati	R-Oct-18-5-pT7	Nigeria	Nigeria	Dioscorea cayenensis subsp. rotundata	Osundahunsi et al.	2018-10-23
MZ670889	Yam mosaic virus	Potyvirus yamtesselati	R-Aug-18-5-pT4	Nigeria	Nigeria	Dioscorea cayenensis subsp. rotundata	Osundahunsi et al.	2018-08-01
MZ670890	Yam mosaic virus	Potyvirus yamtesselati	R-Jul-18-5-pT12	Nigeria	Nigeria	Dioscorea cayenensis subsp. rotundata	Osundahunsi et al.	2018-07-01
MZ670891	Yam mosaic virus	Potyvirus yamtesselati	R-Aug-18-5-pT12	Nigeria	Nigeria	Dioscorea cayenensis subsp. rotundata	Osundahunsi et al.	2018-08-09
MZ670892	Yam mosaic virus	Potyvirus yamtesselati	R-Jul-18-5-pT11	Nigeria	Nigeria	Dioscorea cayenensis subsp. rotundata	Osundahunsi et al.	2018-07-01
MZ670893	Yam mosaic virus	Potyvirus yamtesselati	R-Aug-18-5-pT10	Nigeria	Nigeria	Dioscorea cayenensis subsp. rotundata	Osundahunsi et al.	2018-08-09
MZ670894	Yam mosaic virus	Potyvirus yamtesselati	R-Jul-18-5-pT8	Nigeria	Nigeria	Dioscorea cayenensis subsp. rotundata	Osundahunsi et al.	2018-07-01
MZ670895	Yam mosaic virus	Potyvirus yamtesselati	R-Jul-18-5-pT2	Nigeria	Nigeria	Dioscorea cayenensis subsp. rotundata	Osundahunsi et al.	2018-07-01
MZ670896	Yam mosaic virus	Potyvirus yamtesselati	R-Sep-18-5-pT5	Nigeria	Nigeria	Dioscorea cayenensis subsp. rotundata	Osundahunsi et al.	2018-09-15
MZ670897	Yam mosaic virus	Potyvirus yamtesselati	R-Jul-18-5-pT7	Nigeria	Nigeria	Dioscorea cayenensis subsp. rotundata	Osundahunsi et al.	2018-07-01
MZ670898	Yam mosaic virus	Potyvirus yamtesselati	R-Aug-18-5-pT2	Nigeria	Nigeria	Dioscorea cayenensis subsp. rotundata	Osundahunsi et al.	2018-08-09
MZ670899	Yam mosaic virus	Potyvirus yamtesselati	R-Sep-18-5-pT4	Nigeria	Nigeria	Dioscorea cayenensis subsp. rotundata	Osundahunsi et al.	2018-09-15
MZ670900	Yam mosaic virus	Potyvirus yamtesselati	R-Oct-18-5-pT1	Nigeria	Nigeria	Dioscorea cayenensis subsp. rotundata	Osundahunsi et al.	2018-10-23
MZ670901	Yam mosaic virus	Potyvirus yamtesselati	R-Jul-18-5-pT6	Nigeria	Nigeria	Dioscorea cayenensis subsp. rotundata	Osundahunsi et al.	2018-07-01
MZ670902	Yam mosaic virus	Potyvirus yamtesselati	R-Oct-18-5-pT5	Nigeria	Nigeria	Dioscorea cayenensis subsp. rotundata	Osundahunsi et al.	2018-10-23
MZ670903	Yam mosaic virus	Potyvirus yamtesselati	R-Sep-18-5-pT2	Nigeria	Nigeria	Dioscorea cayenensis subsp. rotundata	Osundahunsi et al.	2018-09-15
MZ670904	Yam mosaic virus	Potyvirus yamtesselati	R-Sep-18-5-pT6	Nigeria	Nigeria	Dioscorea cayenensis subsp. rotundata	Osundahunsi et al.	2018-09-15
MZ670905	Yam mosaic virus	Potyvirus yamtesselati	R-Sep-18-5-pT8	Nigeria	Nigeria	Dioscorea cayenensis subsp. rotundata	Osundahunsi et al.	2018-09-15
MZ670906	Yam mosaic virus	Potyvirus yamtesselati	R-Aug-18-5-pT8	Nigeria	Nigeria	Dioscorea cayenensis subsp. rotundata	Osundahunsi et al.	2018-08-09
MZ670907	Yam mosaic virus	Potyvirus yamtesselati	R-Oct-18-5-pT8	Nigeria	Nigeria	Dioscorea cayenensis subsp. rotundata	Osundahunsi et al.	2018-10-23
MZ670908	Yam mosaic virus	Potyvirus yamtesselati	R-Jul-18-5-pT3	Nigeria	Nigeria	Dioscorea cayenensis subsp. rotundata	Osundahunsi et al.	2018-07-01
MZ670909	Yam mosaic virus	Potyvirus yamtesselati	R-Aug-18-5-pT3	Nigeria	Nigeria	Dioscorea cayenensis subsp. rotundata	Osundahunsi et al.	2018-08-09
MZ670910	Yam mosaic virus	Potyvirus yamtesselati	R-Jul-18-5-pT5	Nigeria	Nigeria	Dioscorea cayenensis subsp. rotundata	Osundahunsi et al.	2018-07-01
MZ670911	Yam mosaic virus	Potyvirus yamtesselati	R-Jul-18-5-pT10	Nigeria	Nigeria	Dioscorea cayenensis subsp. rotundata	Osundahunsi et al.	2018-07-01
MZ670912	Yam mosaic virus	Potyvirus yamtesselati	R-Sep-18-5-pT11	Nigeria	Nigeria	Dioscorea cayenensis subsp. rotundata	Osundahunsi et al.	2018-09-15
MZ670913	Yam mosaic virus	Potyvirus yamtesselati	R-Sep-18-5-pT12	Nigeria	Nigeria	Dioscorea cayenensis subsp. rotundata	Osundahunsi et al.	2018-09-15
MZ670914	Yam mosaic virus	Potyvirus yamtesselati	R-Oct-18-5-pT11	Nigeria	Nigeria	Dioscorea cayenensis subsp. rotundata	Osundahunsi et al.	2018-10-23
MZ670915	Yam mosaic virus	Potyvirus yamtesselati	R-Aug-18-5-pT9	Nigeria	Nigeria	Dioscorea cayenensis subsp. rotundata	Osundahunsi et al.	2018-08-09
MZ670916	Yam mosaic virus	Potyvirus yamtesselati	R-Oct-18-5-pT2	Nigeria	Nigeria	Dioscorea cayenensis subsp. rotundata	Osundahunsi et al.	2018-10-12
MZ670917	Yam mosaic virus	Potyvirus yamtesselati	R-Jul-18-5-pT4	Nigeria	Nigeria	Dioscorea cayenensis subsp. rotundata	Osundahunsi et al.	2018-07-01
MZ670918	Yam mosaic virus	Potyvirus yamtesselati	R-Oct-18-5-pT12	Nigeria	Nigeria	Dioscorea cayenensis subsp. rotundata	Osundahunsi et al.	2018-10-23
MZ670919	Yam mosaic virus	Potyvirus yamtesselati	R-Jul-18-5-pT13	Nigeria	Nigeria	Dioscorea cayenensis subsp. rotundata	Osundahunsi et al.	2018-07-01
MZ670920	Yam mosaic virus	Potyvirus yamtesselati	R-Oct-18-5-pT10	Nigeria	Nigeria	Dioscorea cayenensis subsp. rotundata	Osundahunsi et al.	2018-10-23
MZ670921	Yam mosaic virus	Potyvirus yamtesselati	R-Aug-18-5-pT6	Nigeria	Nigeria	Dioscorea cayenensis subsp. rotundata	Osundahunsi et al.	2018-08-09
MZ670922	Yam mosaic virus	Potyvirus yamtesselati	R-Oct-18-5-pT4	Nigeria	Nigeria	Dioscorea cayenensis subsp. rotundata	Osundahunsi et al.	2018-10-23
MZ670923	Yam mosaic virus	Potyvirus yamtesselati	R-Oct-18-5-pT13	Nigeria	Nigeria	Dioscorea cayenensis subsp. rotundata	Osundahunsi et al.	2018-10-12
MZ670924	Yam mosaic virus	Potyvirus yamtesselati	R-Aug-18-5-pT13	Nigeria	Nigeria	Dioscorea cayenensis subsp. rotundata	Osundahunsi et al.	2018-08-09
MZ670925	Yam mosaic virus	Potyvirus yamtesselati	R-Aug-18-5-pT5	Nigeria	Nigeria	Dioscorea cayenensis subsp. rotundata	Osundahunsi et al.	2018-08-09
MZ670926	Yam mosaic virus	Potyvirus yamtesselati	R-Aug-19-50-pT2	Nigeria	Nigeria	Dioscorea cayenensis subsp. rotundata	Osundahunsi et al.	2019-08-01
MZ670927	Yam mosaic virus	Potyvirus yamtesselati	R-Sep-19-50-pT3	Nigeria	Nigeria	Dioscorea cayenensis subsp. rotundata	Osundahunsi et al.	2019-09-03
MZ670928	Yam mosaic virus	Potyvirus yamtesselati	R-Oct-19-50-pT2	Nigeria	Nigeria	Dioscorea cayenensis subsp. rotundata	Osundahunsi et al.	2019-10-16
MZ670929	Yam mosaic virus	Potyvirus yamtesselati	R-Oct-19-50-pT42	Nigeria	Nigeria	Dioscorea cayenensis subsp. rotundata	Osundahunsi et al.	2019-10-16
MZ670930	Yam mosaic virus	Potyvirus yamtesselati	R-Oct-19-50-pT8	Nigeria	Nigeria	Dioscorea cayenensis subsp. rotundata	Osundahunsi et al.	2019-10-16
MZ670931	Yam mosaic virus	Potyvirus yamtesselati	R-Aug-19-50-pT1	Nigeria	Nigeria	Dioscorea cayenensis subsp. rotundata	Osundahunsi et al.	2019-08-11
MZ670932	Yam mosaic virus	Potyvirus yamtesselati	R-Oct-19-50-pT6	Nigeria	Nigeria	Dioscorea cayenensis subsp. rotundata	Osundahunsi et al.	2019-10-16
MZ670933	Yam mosaic virus	Potyvirus yamtesselati	R-Sep-19-50-pT7	Nigeria	Nigeria	Dioscorea cayenensis subsp. rotundata	Osundahunsi et al.	2019-09-03
MZ670934	Yam mosaic virus	Potyvirus yamtesselati	R-Aug-19-50-pT7	Nigeria	Nigeria	Dioscorea cayenensis subsp. rotundata	Osundahunsi et al.	2019-08-11
MZ670935	Yam mosaic virus	Potyvirus yamtesselati	R-Oct-19-50-pT4	Nigeria	Nigeria	Dioscorea cayenensis subsp. rotundata	Osundahunsi et al.	2019-10-16
MZ670936	Yam mosaic virus	Potyvirus yamtesselati	R-Sep-19-50-pT1	Nigeria	Nigeria	Dioscorea cayenensis subsp. rotundata	Osundahunsi et al.	2019-09-03
MZ670937	Yam mosaic virus	Potyvirus yamtesselati	R-Aug-19-50-pT21	Nigeria	Nigeria	Dioscorea cayenensis subsp. rotundata	Osundahunsi et al.	2019-08-11
MZ670938	Yam mosaic virus	Potyvirus yamtesselati	R-Sep-19-50-pT4	Nigeria	Nigeria	Dioscorea cayenensis subsp. rotundata	Osundahunsi et al.	2019-09-03
MZ670939	Yam mosaic virus	Potyvirus yamtesselati	R-Sep-19-50-pT2	Nigeria	Nigeria	Dioscorea cayenensis subsp. rotundata	Osundahunsi et al.	2019-09-03
MZ670940	Yam mosaic virus	Potyvirus yamtesselati	R-Oct-19-50-pT3	Nigeria	Nigeria	Dioscorea cayenensis subsp. rotundata	Osundahunsi et al.	2019-10-16
MZ670941	Yam mosaic virus	Potyvirus yamtesselati	R-Oct-19-50-PT5	Nigeria	Nigeria	Dioscorea cayenensis subsp. rotundata	Osundahunsi et al.	2019-10-16
MZ670942	Yam mosaic virus	Potyvirus yamtesselati	R-Sep-19-50-pT8	Nigeria	Nigeria	Dioscorea cayenensis subsp. rotundata	Osundahunsi et al.	2019-09-03
MZ670943	Yam mosaic virus	Potyvirus yamtesselati	R-Aug-19-50-pT6	Nigeria	Nigeria	Dioscorea cayenensis subsp. rotundata	Osundahunsi et al.	2019-08-11
MZ670944	Yam mosaic virus	Potyvirus yamtesselati	R-Sep-19-50-pT53	Nigeria	Nigeria	Dioscorea cayenensis subsp. rotundata	Osundahunsi et al.	2019-09-03
MZ670945	Yam mosaic virus	Potyvirus yamtesselati	R-Oct-19-50-pT51	Nigeria	Nigeria	Dioscorea cayenensis subsp. rotundata	Osundahunsi et al.	2019-10-16
MZ670946	Yam mosaic virus	Potyvirus yamtesselati	R-Oct-19-50-pT22	Nigeria	Nigeria	Dioscorea cayenensis subsp. rotundata	Osundahunsi et al.	2019-10-16
MZ670947	Yam mosaic virus	Potyvirus yamtesselati	R-Oct-19-50-pT1	Nigeria	Nigeria	Dioscorea cayenensis subsp. rotundata	Osundahunsi et al.	2019-10-16
MZ670948	Yam mosaic virus	Potyvirus yamtesselati	R-Oct-19-50-pT32	Nigeria	Nigeria	Dioscorea cayenensis subsp. rotundata	Osundahunsi et al.	2019-10-16
MZ670949	Yam mosaic virus	Potyvirus yamtesselati	R-Aug-19-50-pT4	Nigeria	Nigeria	Dioscorea cayenensis subsp. rotundata	Osundahunsi et al.	2019-08-11
MZ670950	Yam mosaic virus	Potyvirus yamtesselati	R-Oct-19-50-pT12	Nigeria	Nigeria	Dioscorea cayenensis subsp. rotundata	Osundahunsi et al.	2019-10-16
MZ670951	Yam mosaic virus	Potyvirus yamtesselati	R-Aug-19-50-pT3	Nigeria	Nigeria	Dioscorea cayenensis subsp. rotundata	Osundahunsi et al.	2019-08-11
MZ670952	Yam mosaic virus	Potyvirus yamtesselati	R-Oct-20-2-V1TA-1	Nigeria	Nigeria	Dioscorea cayenensis subsp. rotundata	Osundahunsi et al.	2020-10-16
MZ670953	Yam mosaic virus	Potyvirus yamtesselati	R-Oct-20-2-V1TD-1	Nigeria	Nigeria	Dioscorea cayenensis subsp. rotundata	Osundahunsi et al.	2020-10-16
MZ670954	Yam mosaic virus	Potyvirus yamtesselati	R-Oct-20-2-V1TB-1	Nigeria	Nigeria	Dioscorea cayenensis subsp. rotundata	Osundahunsi et al.	2020-10-16
MZ670955	Yam mosaic virus	Potyvirus yamtesselati	R-Oct-20-2-V1TC-1	Nigeria	Nigeria	Dioscorea cayenensis subsp. rotundata	Osundahunsi et al.	2020-10-16
MZ670956	Yam mosaic virus	Potyvirus yamtesselati	R-Oct-20-2-V1BD-1	Nigeria	Nigeria	Dioscorea cayenensis subsp. rotundata	Osundahunsi et al.	2020-10-16
MZ670957	Yam mosaic virus	Potyvirus yamtesselati	R-Oct-20-2-V1BA-1	Nigeria	Nigeria	Dioscorea cayenensis subsp. rotundata	Osundahunsi et al.	2020-10-16
MZ670958	Yam mosaic virus	Potyvirus yamtesselati	R-Oct-20-2-V1BC-1	Nigeria	Nigeria	Dioscorea cayenensis subsp. rotundata	Osundahunsi et al.	2020-10-16
MZ670959	Yam mosaic virus	Potyvirus yamtesselati	R-Oct-20-2-V1BB-1	Nigeria	Nigeria	Dioscorea cayenensis subsp. rotundata	Osundahunsi et al.	2020-10-16
MZ670960	Yam mosaic virus	Potyvirus yamtesselati	R-Oct-20-2-V1BD-2	Nigeria	Nigeria	Dioscorea cayenensis subsp. rotundata	Osundahunsi et al.	2020-10-16
MZ670961	Yam mosaic virus	Potyvirus yamtesselati	R-Oct-20-2-V2BB-1	Nigeria	Nigeria	Dioscorea cayenensis subsp. rotundata	Osundahunsi et al.	2020-10-16
MZ670962	Yam mosaic virus	Potyvirus yamtesselati	R-Oct-20-2-V2BC-1	Nigeria	Nigeria	Dioscorea cayenensis subsp. rotundata	Osundahunsi et al.	2020-10-16
MZ670963	Yam mosaic virus	Potyvirus yamtesselati	R-Oct-20-2-V2BA-1	Nigeria	Nigeria	Dioscorea cayenensis subsp. rotundata	Osundahunsi et al.	2020-10-16
MZ670964	Yam mosaic virus	Potyvirus yamtesselati	R-Oct-20-2-V2TB-1	Nigeria	Nigeria	Dioscorea cayenensis subsp. rotundata	Osundahunsi et al.	2020-10-16
MZ670965	Yam mosaic virus	Potyvirus yamtesselati	R-Oct-20-2-V1TA-2	Nigeria	Nigeria	Dioscorea cayenensis subsp. rotundata	Osundahunsi et al.	2020-10-16
MZ670966	Yam mosaic virus	Potyvirus yamtesselati	R-Oct-20-2-V1TD-2	Nigeria	Nigeria	Dioscorea cayenensis subsp. rotundata	Osundahunsi et al.	2020-10-16
MZ670967	Yam mosaic virus	Potyvirus yamtesselati	R-Oct-20-2-V1TB-2	Nigeria	Nigeria	Dioscorea cayenensis subsp. rotundata	Osundahunsi et al.	2020-10-16
MZ670968	Yam mosaic virus	Potyvirus yamtesselati	R-Oct-20-2-V1TC-2	Nigeria	Nigeria	Dioscorea cayenensis subsp. rotundata	Osundahunsi et al.	2020-10-16
MZ670969	Yam mosaic virus	Potyvirus yamtesselati	R-Oct-20-2-V1BD-3	Nigeria	Nigeria	Dioscorea cayenensis subsp. rotundata	Osundahunsi et al.	2020-10-16
MZ670970	Yam mosaic virus	Potyvirus yamtesselati	R-Oct-20-2-V1BA-2	Nigeria	Nigeria	Dioscorea cayenensis subsp. rotundata	Osundahunsi et al.	2020-10-16
MZ670971	Yam mosaic virus	Potyvirus yamtesselati	R-Oct-20-2-V1BC-2	Nigeria	Nigeria	Dioscorea cayenensis subsp. rotundata	Osundahunsi et al.	2020-10-16
MZ670972	Yam mosaic virus	Potyvirus yamtesselati	R-Oct-20-2-V1BB-2	Nigeria	Nigeria	Dioscorea cayenensis subsp. rotundata	Osundahunsi et al.	2020-10-16
MZ670973	Yam mosaic virus	Potyvirus yamtesselati	R-Oct-20-2-V1BD-4	Nigeria	Nigeria	Dioscorea cayenensis subsp. rotundata	Osundahunsi et al.	2020-10-16
MZ670974	Yam mosaic virus	Potyvirus yamtesselati	R-Oct-20-2-V2BB-2	Nigeria	Nigeria	Dioscorea cayenensis subsp. rotundata	Osundahunsi et al.	2020-10-16
MZ670975	Yam mosaic virus	Potyvirus yamtesselati	R-Oct-20-2-V2BC-2	Nigeria	Nigeria	Dioscorea cayenensis subsp. rotundata	Osundahunsi et al.	2020-10-16
MZ670976	Yam mosaic virus	Potyvirus yamtesselati	R-Oct-20-2-V2TA-1	Nigeria	Nigeria	Dioscorea cayenensis subsp. rotundata	Osundahunsi et al.	2020-10-16
MZ670977	Yam mosaic virus	Potyvirus yamtesselati	R-Oct-20-2-V2TC-1	Nigeria	Nigeria	Dioscorea cayenensis subsp. rotundata	Osundahunsi et al.	2020-10-16
MZ670978	Yam mosaic virus	Potyvirus yamtesselati	R-Oct-20-2-V2TB-2	Nigeria	Nigeria	Dioscorea cayenensis subsp. rotundata	Osundahunsi et al.	2020-10-16
MZ670979	Yam mosaic virus	Potyvirus yamtesselati	R-Oct-20-2-V2TD-1	Nigeria	Nigeria	Dioscorea cayenensis subsp. rotundata	Osundahunsi et al.	2020-10-16
MZ670980	Yam mosaic virus	Potyvirus yamtesselati	R-Sep-20-2-V1TA-1	Nigeria	Nigeria	Dioscorea cayenensis subsp. rotundata	Osundahunsi et al.	2020-09-03
MZ670981	Yam mosaic virus	Potyvirus yamtesselati	R-Sep-20-2-V1TD-1	Nigeria	Nigeria	Dioscorea cayenensis subsp. rotundata	Osundahunsi et al.	2020-09-03
MZ670982	Yam mosaic virus	Potyvirus yamtesselati	R-Sep-20-2-V1TB-1	Nigeria	Nigeria	Dioscorea cayenensis subsp. rotundata	Osundahunsi et al.	2020-09-03
MZ670983	Yam mosaic virus	Potyvirus yamtesselati	R-Sep-20-2-V1BD-1	Nigeria	Nigeria	Dioscorea cayenensis subsp. rotundata	Osundahunsi et al.	2020-09-03
MZ670984	Yam mosaic virus	Potyvirus yamtesselati	R-Sep-20-2-V1BA-1	Nigeria	Nigeria	Dioscorea cayenensis subsp. rotundata	Osundahunsi et al.	2020-09-03
MZ670985	Yam mosaic virus	Potyvirus yamtesselati	R-Sep-20-2-V1BC-1	Nigeria	Nigeria	Dioscorea cayenensis subsp. rotundata	Osundahunsi et al.	2020-09-03
MZ670986	Yam mosaic virus	Potyvirus yamtesselati	R-Sep-20-2-V1BB-1	Nigeria	Nigeria	Dioscorea cayenensis subsp. rotundata	Osundahunsi et al.	2020-09-03
MZ670987	Yam mosaic virus	Potyvirus yamtesselati	R-Sep-20-2-V1BD-2	Nigeria	Nigeria	Dioscorea cayenensis subsp. rotundata	Osundahunsi et al.	2020-09-03
MZ670988	Yam mosaic virus	Potyvirus yamtesselati	R-Sep-20-2-V2BC-1	Nigeria	Nigeria	Dioscorea cayenensis subsp. rotundata	Osundahunsi et al.	2020-09-03
MZ670989	Yam mosaic virus	Potyvirus yamtesselati	R-Sep-20-2-V2BA-1	Nigeria	Nigeria	Dioscorea cayenensis subsp. rotundata	Osundahunsi et al.	2020-09-03
MZ670990	Yam mosaic virus	Potyvirus yamtesselati	R-Sep-20-2-V2TA-1	Nigeria	Nigeria	Dioscorea cayenensis subsp. rotundata	Osundahunsi et al.	2020-09-03
MZ670991	Yam mosaic virus	Potyvirus yamtesselati	R-Sep-20-2-V2TC-1	Nigeria	Nigeria	Dioscorea cayenensis subsp. rotundata	Osundahunsi et al.	2020-09-03
MZ670992	Yam mosaic virus	Potyvirus yamtesselati	R-Sep-20-2-V2TD-1	Nigeria	Nigeria	Dioscorea cayenensis subsp. rotundata	Osundahunsi et al.	2020-09-03
MZ670993	Yam mosaic virus	Potyvirus yamtesselati	R-Sep-20-2-V1TA-2	Nigeria	Nigeria	Dioscorea cayenensis subsp. rotundata	Osundahunsi et al.	2020-09-03
MZ670994	Yam mosaic virus	Potyvirus yamtesselati	R-Sep-20-2-V1TD-2	Nigeria	Nigeria	Dioscorea cayenensis subsp. rotundata	Osundahunsi et al.	2020-09-03
MZ670995	Yam mosaic virus	Potyvirus yamtesselati	R-Sep-20-2-V1TB-2	Nigeria	Nigeria	Dioscorea cayenensis subsp. rotundata	Osundahunsi et al.	2020-09-03
MZ670996	Yam mosaic virus	Potyvirus yamtesselati	R-Sep-20-2-V1TC-1	Nigeria	Nigeria	Dioscorea cayenensis subsp. rotundata	Osundahunsi et al.	2020-09-03
MZ670997	Yam mosaic virus	Potyvirus yamtesselati	R-Sep-20-2-V1BA-2	Nigeria	Nigeria	Dioscorea cayenensis subsp. rotundata	Osundahunsi et al.	2020-09-03
MZ670998	Yam mosaic virus	Potyvirus yamtesselati	R-Sep-20-2-V1BC-2	Nigeria	Nigeria	Dioscorea cayenensis subsp. rotundata	Osundahunsi et al.	2020-09-03
MZ670999	Yam mosaic virus	Potyvirus yamtesselati	R-Sep-20-2-V1BB-2	Nigeria	Nigeria	Dioscorea cayenensis subsp. rotundata	Osundahunsi et al.	2020-09-03
MZ671000	Yam mosaic virus	Potyvirus yamtesselati	R-Sep-20-2-V1BD-3	Nigeria	Nigeria	Dioscorea cayenensis subsp. rotundata	Osundahunsi et al.	2020-09-03
MZ671001	Yam mosaic virus	Potyvirus yamtesselati	R-Sep-20-2-V2BB-1	Nigeria	Nigeria	Dioscorea cayenensis subsp. rotundata	Osundahunsi et al.	2020-09-03
MZ671002	Yam mosaic virus	Potyvirus yamtesselati	R-Sep-20-2-V2BC-2	Nigeria	Nigeria	Dioscorea cayenensis subsp. rotundata	Osundahunsi et al.	2020-09-03
MZ671003	Yam mosaic virus	Potyvirus yamtesselati	R-Sep-20-2-V2BA-2	Nigeria	Nigeria	Dioscorea cayenensis subsp. rotundata	Osundahunsi et al.	2020-09-03
MZ671004	Yam mosaic virus	Potyvirus yamtesselati	R-Oct-20-2-V2TD-2	Nigeria	Nigeria	Dioscorea cayenensis subsp. rotundata	Osundahunsi et al.	2020-10-18
MZ671005	Yam mosaic virus	Potyvirus yamtesselati	R-Oct-20-2-V2TB-3	Nigeria	Nigeria	Dioscorea cayenensis subsp. rotundata	Osundahunsi et al.	2020-10-18
MZ671006	Yam mosaic virus	Potyvirus yamtesselati	R-Oct-20-2-V2TC-2	Nigeria	Nigeria	Dioscorea cayenensis subsp. rotundata	Osundahunsi et al.	2020-10-18
MZ671007	Yam mosaic virus	Potyvirus yamtesselati	R-Oct-20-2-V2TA-2	Nigeria	Nigeria	Dioscorea cayenensis subsp. rotundata	Osundahunsi et al.	2020-10-18
MZ671008	Yam mosaic virus	Potyvirus yamtesselati	R-Aug-20-2-V2BB-2	Nigeria	Nigeria	Dioscorea cayenensis subsp. rotundata	Osundahunsi et al.	2020-08-16
MZ671009	Yam mosaic virus	Potyvirus yamtesselati	R-Aug-20-2-V2BC-1	Nigeria	Nigeria	Dioscorea cayenensis subsp. rotundata	Osundahunsi et al.	2020-08-16
MZ671010	Yam mosaic virus	Potyvirus yamtesselati	R-Aug-20-2-V2TC-1	Nigeria	Nigeria	Dioscorea cayenensis subsp. rotundata	Osundahunsi et al.	2020-08-16
MZ671011	Yam mosaic virus	Potyvirus yamtesselati	R-Aug-20-2-V2TD-1	Nigeria	Nigeria	Dioscorea cayenensis subsp. rotundata	Osundahunsi et al.	2020-08-16
MZ671012	Yam mosaic virus	Potyvirus yamtesselati	R-Aug-20-2-V1TB-1	Nigeria	Nigeria	Dioscorea cayenensis subsp. rotundata	Osundahunsi et al.	2020-08-16
MZ671013	Yam mosaic virus	Potyvirus yamtesselati	R-Aug-20-2-V2TA-1	Nigeria	Nigeria	Dioscorea cayenensis subsp. rotundata	Osundahunsi et al.	2020-08-16
MZ671014	Yam mosaic virus	Potyvirus yamtesselati	R-Aug-20-2-V1BA-1	Nigeria	Nigeria	Dioscorea cayenensis subsp. rotundata	Osundahunsi et al.	2020-08-16
MZ671015	Yam mosaic virus	Potyvirus yamtesselati	R-Aug-20-2-V1TB-2	Nigeria	Nigeria	Dioscorea cayenensis subsp. rotundata	Osundahunsi et al.	2020-08-16
MZ671016	Yam mosaic virus	Potyvirus yamtesselati	R-Aug-20-2-V1TC-1	Nigeria	Nigeria	Dioscorea cayenensis subsp. rotundata	Osundahunsi et al.	2020-08-16
MZ671017	Yam mosaic virus	Potyvirus yamtesselati	R-Aug-20-2-V1TD-1	Nigeria	Nigeria	Dioscorea cayenensis subsp. rotundata	Osundahunsi et al.	2020-08-16
MZ671018	Yam mosaic virus	Potyvirus yamtesselati	R-Aug-20-2-V1BB-1	Nigeria	Nigeria	Dioscorea cayenensis subsp. rotundata	Osundahunsi et al.	2020-08-16
MZ671019	Yam mosaic virus	Potyvirus yamtesselati	R-Aug-20-2-V1BC-1	Nigeria	Nigeria	Dioscorea cayenensis subsp. rotundata	Osundahunsi et al.	2020-08-16
MZ671020	Yam mosaic virus	Potyvirus yamtesselati	R-Aug-20-2-V1TA-1	Nigeria	Nigeria	Dioscorea cayenensis subsp. rotundata	Osundahunsi et al.	2020-08-16
OQ677004	Yam mosaic virus	Potyvirus yamtesselati	G1	Ghana	Ghana	Dioscorea cayenensis subsp. rotundata	Festus et al.	2022-10-XX
OQ677005	Yam mosaic virus	Potyvirus yamtesselati	G2	Ghana	Ghana	Dioscorea cayenensis subsp. rotundata	Festus et al.	2022-10-XX
OQ677006	Yam mosaic virus	Potyvirus yamtesselati	G3	Ghana	Ghana	Dioscorea cayenensis subsp. rotundata	Festus et al.	2022-10-XX
OQ677007	Yam mosaic virus	Potyvirus yamtesselati	G4	Ghana	Ghana	Dioscorea alata	Festus et al.	2022-10-XX
OQ677008	Yam mosaic virus	Potyvirus yamtesselati	G5	Ghana	Ghana	Dioscorea cayenensis subsp. rotundata	Festus et al.	2022-10-XX
OQ677009	Yam mosaic virus	Potyvirus yamtesselati	G6	Ghana	Ghana	Dioscorea cayenensis subsp. rotundata	Festus et al.	2022-10-XX
OQ677010	Yam mosaic virus	Potyvirus yamtesselati	G7	Ghana	Ghana	Dioscorea alata	Festus et al.	2022-10-XX
OQ677011	Yam mosaic virus	Potyvirus yamtesselati	G9	Ghana	Ghana	Dioscorea cayenensis subsp. rotundata	Festus et al.	2022-10-XX
OQ677012	Yam mosaic virus	Potyvirus yamtesselati	N1	Ghana	Ghana	Dioscorea cayenensis subsp. rotundata	Festus et al.	2022-06-XX
OQ677013	Yam mosaic virus	Potyvirus yamtesselati	N2	Ghana	Ghana	Dioscorea cayenensis subsp. rotundata	Festus et al.	2022-06-XX
OQ677014	Yam mosaic virus	Potyvirus yamtesselati	N3	Ghana	Ghana	Dioscorea cayenensis subsp. rotundata	Festus et al.	2022-06-XX
OQ677015	Yam mosaic virus	Potyvirus yamtesselati	N4	Nigeria	Nigeria	Dioscorea cayenensis subsp. rotundata	Festus et al.	2022-08-XX
OQ677016	Yam mosaic virus	Potyvirus yamtesselati	N5	Nigeria	Nigeria	Dioscorea cayenensis subsp. rotundata	Festus et al.	2022-08-XX
OR004208	Yam mosaic virus	Potyvirus yamtesselati	Cam1	Cameroon	Cameroon	Dioscorea cayenensis subsp. rotundata	Festus et al.	1996-XX-XX
OR004209	Yam mosaic virus	Potyvirus yamtesselati	Cam2	Cameroon	Cameroon	Dioscorea cayenensis subsp. rotundata	Festus et al.	1996-XX-XX
OR004210	Yam mosaic virus	Potyvirus yamtesselati	Gh28	Ghana	Ghana	Dioscorea cayenensis subsp. rotundata	Festus et al.	2021-XX-XX
OR004211	Yam mosaic virus	Potyvirus yamtesselati	Gh34	Ghana	Ghana	Dioscorea cayenensis subsp. rotundata	Festus et al.	2021-XX-XX
OR004212	Yam mosaic virus	Potyvirus yamtesselati	Nig10	Nigeria	Nigeria	Dioscorea cayenensis subsp. rotundata	Festus et al.	2022-XX-XX
OR004213	Yam mosaic virus	Potyvirus yamtesselati	Nig5	Nigeria	Nigeria	Dioscorea cayenensis subsp. rotundata	Festus et al.	2022-XX-XX
OR004214	Yam mosaic virus	Potyvirus yamtesselati	Nig13	Nigeria	Nigeria	Dioscorea cayenensis subsp. rotundata	Festus et al.	2022-XX-XX
OR004215	Yam mosaic virus	Potyvirus yamtesselati	Nig11	Nigeria	Nigeria	Dioscorea cayenensis subsp. rotundata	Festus et al.	2022-XX-XX
OR004216	Yam mosaic virus	Potyvirus yamtesselati	Nig12	Nigeria	Nigeria	Dioscorea cayenensis subsp. rotundata	Festus et al.	2022-XX-XX
OR004217	Yam mosaic virus	Potyvirus yamtesselati	Ben1	Benin	Benin	Dioscorea cayenensis subsp. rotundata	Festus et al.	1996-XX-XX
OR004218	Yam mosaic virus	Potyvirus yamtesselati	Cam4	Cameroon	Cameroon	Dioscorea cayenensis subsp. rotundata	Festus et al.	1996-XX-XX
OR004219	Yam mosaic virus	Potyvirus yamtesselati	Gh27	Ghana	Ghana	Dioscorea cayenensis subsp. rotundata	Festus et al.	2021-XX-XX
OR004220	Yam mosaic virus	Potyvirus yamtesselati	Gh30	Ghana	Ghana	Dioscorea cayenensis subsp. rotundata	Festus et al.	2021-XX-XX
OR004221	Yam mosaic virus	Potyvirus yamtesselati	Nig4	Nigeria	Nigeria	Dioscorea cayenensis subsp. rotundata	Festus et al.	2022-XX-XX
OR004222	Yam mosaic virus	Potyvirus yamtesselati	Gh35	Ghana	Ghana	Dioscorea cayenensis subsp. rotundata	Festus et al.	2021-XX-XX
OR004223	Yam mosaic virus	Potyvirus yamtesselati	Gh32	Ghana	Ghana	Dioscorea cayenensis subsp. rotundata	Festus et al.	2021-XX-XX
OR004224	Yam mosaic virus	Potyvirus yamtesselati	Gh36	Ghana	Ghana	Dioscorea cayenensis subsp. rotundata	Festus et al.	2021-XX-XX
OR004225	Yam mosaic virus	Potyvirus yamtesselati	Gh33	Ghana	Ghana	Dioscorea cayenensis subsp. rotundata	Festus et al.	2021-XX-XX
OR004226	Yam mosaic virus	Potyvirus yamtesselati	Nig6	Nigeria	Nigeria	Dioscorea cayenensis subsp. rotundata	Festus et al.	1996-XX-XX
OR004227	Yam mosaic virus	Potyvirus yamtesselati	Tog2	Togo	Togo	Dioscorea cayenensis subsp. rotundata	Festus et al.	1996-XX-XX
OR004228	Yam mosaic virus	Potyvirus yamtesselati	Nig3	Nigeria	Nigeria	Dioscorea cayenensis subsp. rotundata	Festus et al.	2022-XX-XX
OR004229	Yam mosaic virus	Potyvirus yamtesselati	Gh29	Ghana	Ghana	Dioscorea cayenensis subsp. rotundata	Festus et al.	2022-XX-XX
OR004230	Yam mosaic virus	Potyvirus yamtesselati	Tog1	Togo	Togo	Dioscorea cayenensis subsp. rotundata	Festus et al.	1996-XX-XX
OR004231	Yam mosaic virus	Potyvirus yamtesselati	Cam3	Cameroon	Cameroon	Dioscorea cayenensis subsp. rotundata	Festus et al.	1996-XX-XX
OR004232	Yam mosaic virus	Potyvirus yamtesselati	Nig2	Nigeria	Nigeria	Dioscorea cayenensis subsp. rotundata	Festus et al.	1996-XX-XX
MZ695335	Yam mosaic virus	Potyvirus yamtesselati	N1-3	Nigeria	Nigeria	Dioscorea cayenensis subsp. rotundata	Nkere et al.	2013-09-15
MZ695336	Yam mosaic virus	Potyvirus yamtesselati	N3-3	Nigeria	Nigeria	Dioscorea cayenensis subsp. rotundata	Nkere et al.	2013-09-15
MZ695337	Yam mosaic virus	Potyvirus yamtesselati	N2-4	Nigeria	Nigeria	Dioscorea cayenensis subsp. rotundata	Nkere et al.	2013-09-15
MZ695338	Yam mosaic virus	Potyvirus yamtesselati	N2-5	Nigeria	Nigeria	Dioscorea cayenensis subsp. rotundata	Nkere et al.	2013-09-15
MZ695339	Yam mosaic virus	Potyvirus yamtesselati	N19-3	Nigeria	Nigeria	Dioscorea cayenensis subsp. rotundata	Nkere et al.	2014-09-16
MZ695340	Yam mosaic virus	Potyvirus yamtesselati	N7-5	Nigeria	Nigeria	Dioscorea cayenensis subsp. rotundata	Nkere et al.	2014-09-16
MZ695341	Yam mosaic virus	Potyvirus yamtesselati	N9-7	Nigeria	Nigeria	Dioscorea cayenensis subsp. rotundata	Nkere et al.	2014-09-16
MZ695342	Yam mosaic virus	Potyvirus yamtesselati	N15-7	Nigeria	Nigeria	Dioscorea cayenensis subsp. rotundata	Nkere et al.	2014-09-16
MZ695343	Yam mosaic virus	Potyvirus yamtesselati	N24-7	Nigeria	Nigeria	Dioscorea cayenensis subsp. rotundata	Nkere et al.	2014-09-16
MZ695344	Yam mosaic virus	Potyvirus yamtesselati	N8-9	Nigeria	Nigeria	Dioscorea cayenensis subsp. rotundata	Nkere et al.	2013-09-18
MZ695345	Yam mosaic virus	Potyvirus yamtesselati	N5-11	Nigeria	Nigeria	Dioscorea cayenensis subsp. rotundata	Nkere et al.	2013-09-18
MZ695346	Yam mosaic virus	Potyvirus yamtesselati	N10-12	Nigeria	Nigeria	Dioscorea cayenensis subsp. rotundata	Nkere et al.	2013-09-18
MZ695347	Yam mosaic virus	Potyvirus yamtesselati	N27-12	Nigeria	Nigeria	Dioscorea cayenensis subsp. rotundata	Nkere et al.	2013-09-18
MZ695348	Yam mosaic virus	Potyvirus yamtesselati	N3-14	Nigeria	Nigeria	Dioscorea cayenensis subsp. rotundata	Nkere et al.	2013-09-18
MZ695349	Yam mosaic virus	Potyvirus yamtesselati	N6-15	Nigeria	Nigeria	Dioscorea cayenensis subsp. rotundata	Nkere et al.	2013-09-19
MZ695350	Yam mosaic virus	Potyvirus yamtesselati	N9-16	Nigeria	Nigeria	Dioscorea cayenensis subsp. rotundata	Nkere et al.	2013-09-19
MZ695351	Yam mosaic virus	Potyvirus yamtesselati	N2-17	Nigeria	Nigeria	Dioscorea cayenensis subsp. rotundata	Nkere et al.	2013-09-19
MZ695352	Yam mosaic virus	Potyvirus yamtesselati	N4-17	Nigeria	Nigeria	Dioscorea cayenensis subsp. rotundata	Nkere et al.	2013-09-19
MZ695353	Yam mosaic virus	Potyvirus yamtesselati	N1-18*	Nigeria	Nigeria	Dioscorea cayenensis subsp. rotundata	Nkere et al.	2013-09-19
MZ695354	Yam mosaic virus	Potyvirus yamtesselati	N5-19	Nigeria	Nigeria	Dioscorea cayenensis subsp. rotundata	Nkere et al.	2013-09-20
MZ695355	Yam mosaic virus	Potyvirus yamtesselati	N12-22	Nigeria	Nigeria	Dioscorea cayenensis subsp. rotundata	Nkere et al.	2013-09-20
MZ695356	Yam mosaic virus	Potyvirus yamtesselati	N4-23	Nigeria	Nigeria	Dioscorea cayenensis subsp. rotundata	Nkere et al.	2013-09-20
MZ695357	Yam mosaic virus	Potyvirus yamtesselati	N1-24	Nigeria	Nigeria	Dioscorea cayenensis subsp. rotundata	Nkere et al.	2013-09-20
MZ695358	Yam mosaic virus	Potyvirus yamtesselati	N6-25	Nigeria	Nigeria	Dioscorea cayenensis subsp. rotundata	Nkere et al.	2013-09-20
MZ695359	Yam mosaic virus	Potyvirus yamtesselati	N9-25	Nigeria	Nigeria	Dioscorea cayenensis subsp. rotundata	Nkere et al.	2013-09-20
MZ695360	Yam mosaic virus	Potyvirus yamtesselati	N1-26	Nigeria	Nigeria	Dioscorea cayenensis subsp. rotundata	Nkere et al.	2013-09-20
MZ695361	Yam mosaic virus	Potyvirus yamtesselati	N7-26	Nigeria	Nigeria	Dioscorea cayenensis subsp. rotundata	Nkere et al.	2013-09-20
MZ695362	Yam mosaic virus	Potyvirus yamtesselati	N8-30	Nigeria	Nigeria	Dioscorea cayenensis subsp. rotundata	Nkere et al.	2013-09-21
MZ695363	Yam mosaic virus	Potyvirus yamtesselati	N22-30	Nigeria	Nigeria	Dioscorea cayenensis subsp. rotundata	Nkere et al.	2013-09-21
MZ695364	Yam mosaic virus	Potyvirus yamtesselati	N25-30	Nigeria	Nigeria	Dioscorea cayenensis subsp. rotundata	Nkere et al.	2013-09-21
MZ695365	Yam mosaic virus	Potyvirus yamtesselati	N24-31	Nigeria	Nigeria	Dioscorea cayenensis subsp. rotundata	Nkere et al.	2013-09-21
MZ695366	Yam mosaic virus	Potyvirus yamtesselati	N4-32*	Nigeria	Nigeria	Dioscorea cayenensis subsp. rotundata	Nkere et al.	2013-09-21
MZ695367	Yam mosaic virus	Potyvirus yamtesselati	N1-33*	Nigeria	Nigeria	Dioscorea cayenensis subsp. rotundata	Nkere et al.	2013-09-21
MZ695368	Yam mosaic virus	Potyvirus yamtesselati	N7-33	Nigeria	Nigeria	Dioscorea cayenensis subsp. rotundata	Nkere et al.	2013-09-21
MZ695369	Yam mosaic virus	Potyvirus yamtesselati	N3-34	Nigeria	Nigeria	Dioscorea cayenensis subsp. rotundata	Nkere et al.	2013-09-21
MZ695370	Yam mosaic virus	Potyvirus yamtesselati	N6-35	Nigeria	Nigeria	Dioscorea cayenensis subsp. rotundata	Nkere et al.	2013-09-22
MZ695371	Yam mosaic virus	Potyvirus yamtesselati	N4-36	Nigeria	Nigeria	Dioscorea cayenensis subsp. rotundata	Nkere et al.	2013-09-22
MZ695372	Yam mosaic virus	Potyvirus yamtesselati	N3-37	Nigeria	Nigeria	Dioscorea cayenensis subsp. rotundata	Nkere et al.	2013-09-22
MZ695373	Yam mosaic virus	Potyvirus yamtesselati	N5-38	Nigeria	Nigeria	Dioscorea cayenensis subsp. rotundata	Nkere et al.	2013-09-23
MZ695374	Yam mosaic virus	Potyvirus yamtesselati	N8-40	Nigeria	Nigeria	Dioscorea cayenensis subsp. rotundata	Nkere et al.	2013-09-23
MZ695375	Yam mosaic virus	Potyvirus yamtesselati	N12-40	Nigeria	Nigeria	Dioscorea cayenensis subsp. rotundata	Nkere et al.	2013-09-23
MZ695376	Yam mosaic virus	Potyvirus yamtesselati	N19-40	Nigeria	Nigeria	Dioscorea cayenensis subsp. rotundata	Nkere et al.	2013-09-23
MZ695377	Yam mosaic virus	Potyvirus yamtesselati	N24-40	Nigeria	Nigeria	Dioscorea cayenensis subsp. rotundata	Nkere et al.	2013-09-23
MZ695378	Yam mosaic virus	Potyvirus yamtesselati	N1-41	Nigeria	Nigeria	Dioscorea cayenensis subsp. rotundata	Nkere et al.	2013-09-24
MZ695379	Yam mosaic virus	Potyvirus yamtesselati	N6-41	Nigeria	Nigeria	Dioscorea cayenensis subsp. rotundata	Nkere et al.	2013-09-24
MZ695380	Yam mosaic virus	Potyvirus yamtesselati	N3-21	Nigeria	Nigeria	Dioscorea cayenensis subsp. rotundata	Nkere et al.	2013-09-24
MZ695381	Yam mosaic virus	Potyvirus yamtesselati	N18-3	Nigeria	Nigeria	Dioscorea cayenensis subsp. rotundata	Nkere et al.	2012-11-01
MZ695382	Yam mosaic virus	Potyvirus yamtesselati	N21-3	Nigeria	Nigeria	Dioscorea cayenensis subsp. rotundata	Nkere et al.	2012-11-01
MZ695383	Yam mosaic virus	Potyvirus yamtesselati	N63-7	Nigeria	Nigeria	Dioscorea cayenensis subsp. rotundata	Nkere et al.	2012-11-01
MZ695384	Yam mosaic virus	Potyvirus yamtesselati	N131-12	Nigeria	Nigeria	Dioscorea cayenensis subsp. rotundata	Nkere et al.	2012-11-02
MZ695385	Yam mosaic virus	Potyvirus yamtesselati	N294-26	Nigeria	Nigeria	Dioscorea cayenensis subsp. rotundata	Nkere et al.	2012-11-02
MZ695386	Yam mosaic virus	Potyvirus yamtesselati	N299-26	Nigeria	Nigeria	Dioscorea cayenensis subsp. rotundata	Nkere et al.	2012-11-02
MZ695387	Yam mosaic virus	Potyvirus yamtesselati	N300-26	Nigeria	Nigeria	Dioscorea cayenensis subsp. rotundata	Nkere et al.	2012-11-02
MZ695388	Yam mosaic virus	Potyvirus yamtesselati	N301-26	Nigeria	Nigeria	Dioscorea cayenensis subsp. rotundata	Nkere et al.	2012-11-02
MZ695389	Yam mosaic virus	Potyvirus yamtesselati	N323-29	Nigeria	Nigeria	Dioscorea cayenensis subsp. rotundata	Nkere et al.	2012-11-03
MZ695390	Yam mosaic virus	Potyvirus yamtesselati	N344-31	Nigeria	Nigeria	Dioscorea esculenta	Nkere et al.	2012-11-03
MZ695391	Yam mosaic virus	Potyvirus yamtesselati	N354-31a	Nigeria	Nigeria	Dioscorea cayenensis subsp. rotundata	Nkere et al.	2012-11-03
MZ695392	Yam mosaic virus	Potyvirus yamtesselati	N354-31b	Nigeria	Nigeria	Dioscorea cayenensis subsp. rotundata	Nkere et al.	2012-11-03
MZ695393	Yam mosaic virus	Potyvirus yamtesselati	N375-34	Nigeria	Nigeria	Dioscorea cayenensis	Nkere et al.	2012-11-04
MZ695394	Yam mosaic virus	Potyvirus yamtesselati	N376-34	Nigeria	Nigeria	Dioscorea cayenensis	Nkere et al.	2012-11-04
MZ695395	Yam mosaic virus	Potyvirus yamtesselati	G11-1	Ghana	Ghana	Dioscorea cayenensis	Nkere et al.	2013-08-03
MZ695396	Yam mosaic virus	Potyvirus yamtesselati	G40-1	Ghana	Ghana	Dioscorea alata	Nkere et al.	2013-08-03
MZ695397	Yam mosaic virus	Potyvirus yamtesselati	G5-2	Ghana	Ghana	Dioscorea cayenensis subsp. rotundata	Nkere et al.	2013-08-03
MZ695398	Yam mosaic virus	Potyvirus yamtesselati	G20-2	Ghana	Ghana	Dioscorea cayenensis subsp. rotundata	Nkere et al.	2013-08-03
MZ695399	Yam mosaic virus	Potyvirus yamtesselati	G21-2	Ghana	Ghana	Dioscorea cayenensis subsp. rotundata	Nkere et al.	2013-08-03
MZ695400	Yam mosaic virus	Potyvirus yamtesselati	G3-3	Ghana	Ghana	Dioscorea cayenensis subsp. rotundata	Nkere et al.	2013-08-04
MZ695401	Yam mosaic virus	Potyvirus yamtesselati	G4-3	Ghana	Ghana	Dioscorea cayenensis subsp. rotundata	Nkere et al.	2013-08-04
MZ695402	Yam mosaic virus	Potyvirus yamtesselati	G8-3	Ghana	Ghana	Dioscorea alata	Nkere et al.	2013-08-04
MZ695403	Yam mosaic virus	Potyvirus yamtesselati	G2-4	Ghana	Ghana	Dioscorea cayenensis subsp. rotundata	Nkere et al.	2013-08-04
MZ695404	Yam mosaic virus	Potyvirus yamtesselati	G5-5	Ghana	Ghana	Dioscorea cayenensis subsp. rotundata	Nkere et al.	2013-08-04
MZ695405	Yam mosaic virus	Potyvirus yamtesselati	G15-6	Ghana	Ghana	Dioscorea cayenensis subsp. rotundata	Nkere et al.	2013-08-05
MZ695406	Yam mosaic virus	Potyvirus yamtesselati	G17-6	Ghana	Ghana	Dioscorea cayenensis subsp. rotundata	Nkere et al.	2013-08-05
MZ695407	Yam mosaic virus	Potyvirus yamtesselati	G8-10	Ghana	Ghana	Dioscorea cayenensis subsp. rotundata	Nkere et al.	2013-08-05
MZ695408	Yam mosaic virus	Potyvirus yamtesselati	G1-11	Ghana	Ghana	Dioscorea cayenensis subsp. rotundata	Nkere et al.	2013-08-05
MZ695409	Yam mosaic virus	Potyvirus yamtesselati	G4-11	Ghana	Ghana	Dioscorea cayenensis subsp. rotundata	Nkere et al.	2013-08-06
MZ695410	Yam mosaic virus	Potyvirus yamtesselati	G4-12	Ghana	Ghana	Dioscorea cayenensis subsp. rotundata	Nkere et al.	2013-08-06
MZ695411	Yam mosaic virus	Potyvirus yamtesselati	G2-13	Ghana	Ghana	Dioscorea cayenensis subsp. rotundata	Nkere et al.	2013-08-06
MZ695412	Yam mosaic virus	Potyvirus yamtesselati	G3-13	Ghana	Ghana	Dioscorea cayenensis subsp. rotundata	Nkere et al.	2013-08-06
MZ695413	Yam mosaic virus	Potyvirus yamtesselati	G15-16	Ghana	Ghana	Dioscorea cayenensis subsp. rotundata	Nkere et al.	2013-08-07
MZ695414	Yam mosaic virus	Potyvirus yamtesselati	G2-17	Ghana	Ghana	Dioscorea cayenensis subsp. rotundata	Nkere et al.	2013-08-07
MZ695415	Yam mosaic virus	Potyvirus yamtesselati	G3-17	Ghana	Ghana	Dioscorea cayenensis subsp. rotundata	Nkere et al.	2013-08-07
MZ695416	Yam mosaic virus	Potyvirus yamtesselati	G4-18	Ghana	Ghana	Dioscorea cayenensis subsp. rotundata	Nkere et al.	2013-08-07
MZ695417	Yam mosaic virus	Potyvirus yamtesselati	G5-18	Ghana	Ghana	Dioscorea cayenensis subsp. rotundata	Nkere et al.	2013-08-07
MZ695418	Yam mosaic virus	Potyvirus yamtesselati	G2-19	Ghana	Ghana	Dioscorea cayenensis subsp. rotundata	Nkere et al.	2013-08-07
MZ695419	Yam mosaic virus	Potyvirus yamtesselati	G6-19	Ghana	Ghana	Dioscorea cayenensis subsp. rotundata	Nkere et al.	2013-08-08
MZ695420	Yam mosaic virus	Potyvirus yamtesselati	G1-20	Ghana	Ghana	Dioscorea cayenensis subsp. rotundata	Nkere et al.	2013-08-08
MZ695421	Yam mosaic virus	Potyvirus yamtesselati	G5-20	Ghana	Ghana	Dioscorea cayenensis subsp. rotundata	Nkere et al.	2013-08-08
MZ695422	Yam mosaic virus	Potyvirus yamtesselati	G9-21	Ghana	Ghana	Dioscorea cayenensis subsp. rotundata	Nkere et al.	2013-08-08
MZ695423	Yam mosaic virus	Potyvirus yamtesselati	G1-22	Ghana	Ghana	Dioscorea cayenensis subsp. rotundata	Nkere et al.	2013-08-08
MZ695424	Yam mosaic virus	Potyvirus yamtesselati	G10-22	Ghana	Ghana	Dioscorea cayenensis subsp. rotundata	Nkere et al.	2013-08-09
MZ695425	Yam mosaic virus	Potyvirus yamtesselati	G1-23	Ghana	Ghana	Dioscorea cayenensis subsp. rotundata	Nkere et al.	2013-08-09
MZ695426	Yam mosaic virus	Potyvirus yamtesselati	G5-25	Ghana	Ghana	Dioscorea cayenensis subsp. rotundata	Nkere et al.	2013-08-09
MZ695427	Yam mosaic virus	Potyvirus yamtesselati	G2-26	Ghana	Ghana	Dioscorea cayenensis subsp. rotundata	Nkere et al.	2013-08-09
MZ695428	Yam mosaic virus	Potyvirus yamtesselati	G4-27	Ghana	Ghana	Dioscorea cayenensis subsp. rotundata	Nkere et al.	2013-08-09
MZ695429	Yam mosaic virus	Potyvirus yamtesselati	G5-27	Ghana	Ghana	Dioscorea cayenensis subsp. rotundata	Nkere et al.	2013-08-10
MZ695430	Yam mosaic virus	Potyvirus yamtesselati	G1-28	Ghana	Ghana	Dioscorea cayenensis subsp. rotundata	Nkere et al.	2013-08-10
MZ695431	Yam mosaic virus	Potyvirus yamtesselati	G4-28	Ghana	Ghana	Dioscorea cayenensis subsp. rotundata	Nkere et al.	2013-08-10
MZ695432	Yam mosaic virus	Potyvirus yamtesselati	G5-29	Ghana	Ghana	Dioscorea cayenensis subsp. rotundata	Nkere et al.	2013-08-10
MZ695433	Yam mosaic virus	Potyvirus yamtesselati	G8-31	Ghana	Ghana	Dioscorea cayenensis subsp. rotundata	Nkere et al.	2013-08-11
MZ695434	Yam mosaic virus	Potyvirus yamtesselati	G1-32	Ghana	Ghana	Dioscorea cayenensis subsp. rotundata	Nkere et al.	2013-08-11
MZ695435	Yam mosaic virus	Potyvirus yamtesselati	G2-33	Ghana	Ghana	Dioscorea cayenensis subsp. rotundata	Nkere et al.	2013-08-11
MZ695436	Yam mosaic virus	Potyvirus yamtesselati	G8-33	Ghana	Ghana	Dioscorea cayenensis subsp. rotundata	Nkere et al.	2013-08-12
MZ695437	Yam mosaic virus	Potyvirus yamtesselati	G25-33	Ghana	Ghana	Dioscorea cayenensis subsp. rotundata	Nkere et al.	2013-08-12
MZ695438	Yam mosaic virus	Potyvirus yamtesselati	G1-34	Ghana	Ghana	Dioscorea cayenensis subsp. rotundata	Nkere et al.	2013-08-12
MZ695439	Yam mosaic virus	Potyvirus yamtesselati	G10-1	Ghana	Ghana	Dioscorea cayenensis subsp. rotundata	Nkere et al.	2012-10-04
MZ695440	Yam mosaic virus	Potyvirus yamtesselati	G14-2	Ghana	Ghana	Dioscorea cayenensis subsp. rotundata	Nkere et al.	2012-10-04
MZ695441	Yam mosaic virus	Potyvirus yamtesselati	G16-2	Ghana	Ghana	Dioscorea cayenensis subsp. rotundata	Nkere et al.	2012-10-05
MZ695442	Yam mosaic virus	Potyvirus yamtesselati	G31-2	Ghana	Ghana	Dioscorea cayenensis subsp. rotundata	Nkere et al.	2012-10-05
MZ695443	Yam mosaic virus	Potyvirus yamtesselati	G46-5	Ghana	Ghana	Dioscorea cayenensis subsp. rotundata	Nkere et al.	2012-10-05
MZ695444	Yam mosaic virus	Potyvirus yamtesselati	G66-8	Ghana	Ghana	Dioscorea cayenensis subsp. rotundata	Nkere et al.	2012-10-05
MZ695445	Yam mosaic virus	Potyvirus yamtesselati	G153-18	Ghana	Ghana	Dioscorea cayenensis subsp. rotundata	Nkere et al.	2012-10-06
MZ695446	Yam mosaic virus	Potyvirus yamtesselati	G220-25	Ghana	Ghana	Dioscorea cayenensis subsp. rotundata	Nkere et al.	2012-10-06
MZ695447	Yam mosaic virus	Potyvirus yamtesselati	G267-31	Ghana	Ghana	Dioscorea cayenensis subsp. rotundata	Nkere et al.	2012-10-06
MZ695448	Yam mosaic virus	Potyvirus yamtesselati	G84-10	Ghana	Ghana	Dioscorea cayenensis subsp. rotundata	Nkere et al.	2012-10-06
MW835991	Yam mosaic virus	Potyvirus yamtesselati	Kil-15-C	Nigeria	Nigeria	Dioscorea rotundata	Osundahunsi et al.	
MW835992	Yam mosaic virus	Potyvirus yamtesselati	Kil-16-C	Nigeria	Nigeria	Dioscorea rotundata	Osundahunsi et al.	
MW835993	Yam mosaic virus	Potyvirus yamtesselati	Kil-17-C	Nigeria	Nigeria	Dioscorea rotundata	Osundahunsi et al.	
MW835994	Yam mosaic virus	Potyvirus yamtesselati	Kwa-15-C	Nigeria	Nigeria	Dioscorea rotundata	Osundahunsi et al.	
MW835995	Yam mosaic virus	Potyvirus yamtesselati	Kwa-16-C	Nigeria	Nigeria	Dioscorea rotundata	Osundahunsi et al.	
MW835996	Yam mosaic virus	Potyvirus yamtesselati	Kwa-17-C	Nigeria	Nigeria	Dioscorea rotundata	Osundahunsi et al.	
MW835997	Yam mosaic virus	Potyvirus yamtesselati	Yau-15-C	Nigeria	Nigeria	Dioscorea rotundata	Osundahunsi et al.	
MW835998	Yam mosaic virus	Potyvirus yamtesselati	Yau-16-C	Nigeria	Nigeria	Dioscorea rotundata	Osundahunsi et al.	
MW835999	Yam mosaic virus	Potyvirus yamtesselati	Yau-17-C	Nigeria	Nigeria	Dioscorea rotundata	Osundahunsi et al.	
MW836000	Yam mosaic virus	Potyvirus yamtesselati	Gut-15-C	Nigeria	Nigeria	Dioscorea rotundata	Osundahunsi et al.	
MW836001	Yam mosaic virus	Potyvirus yamtesselati	Gut-16-C	Nigeria	Nigeria	Dioscorea rotundata	Osundahunsi et al.	
MW836002	Yam mosaic virus	Potyvirus yamtesselati	Gut-17-C	Nigeria	Nigeria	Dioscorea rotundata	Osundahunsi et al.	
MW836003	Yam mosaic virus	Potyvirus yamtesselati	Gut-16-PS	Nigeria	Nigeria	Dioscorea rotundata	Osundahunsi et al.	
MW836004	Yam mosaic virus	Potyvirus yamtesselati	Gut-17-PS	Nigeria	Nigeria	Dioscorea rotundata	Osundahunsi et al.	
MW836005	Yam mosaic virus	Potyvirus yamtesselati	Kwa-16-PS	Nigeria	Nigeria	Dioscorea rotundata	Osundahunsi et al.	
MW836006	Yam mosaic virus	Potyvirus yamtesselati	Kwa-17-PS	Nigeria	Nigeria	Dioscorea rotundata	Osundahunsi et al.	
MW836007	Yam mosaic virus	Potyvirus yamtesselati	Yau-16-PS	Nigeria	Nigeria	Dioscorea rotundata	Osundahunsi et al.	
MW836008	Yam mosaic virus	Potyvirus yamtesselati	Yau-17-PS	Nigeria	Nigeria	Dioscorea rotundata	Osundahunsi et al.	
MW836009	Yam mosaic virus	Potyvirus yamtesselati	Kil-16-PS	Nigeria	Nigeria	Dioscorea rotundata	Osundahunsi et al.	
MW836010	Yam mosaic virus	Potyvirus yamtesselati	Kil-17-PS	Nigeria	Nigeria	Dioscorea rotundata	Osundahunsi et al.	
MT591036	Yam mosaic virus	Potyvirus yamtesselati	YMVAy	Nigeria	Nigeria	Dioscorea cayenensis subsp. rotundata	Oyekanmi et al.	2017-06-28
MT591037	Yam mosaic virus	Potyvirus yamtesselati	YMVBy	Nigeria	Nigeria	Dioscorea cayenensis subsp. rotundata	Oyekanmi et al.	2017-06-28
MT591038	Yam mosaic virus	Potyvirus yamtesselati	YMVCy	Nigeria	Nigeria	Dioscorea cayenensis subsp. rotundata	Oyekanmi et al.	2017-06-28
MT591039	Yam mosaic virus	Potyvirus yamtesselati	YMVDy	Nigeria	Nigeria	Dioscorea cayenensis subsp. rotundata	Oyekanmi et al.	2017-06-28
MT591040	Yam mosaic virus	Potyvirus yamtesselati	YMVFy	Nigeria	Nigeria	Dioscorea cayenensis subsp. rotundata	Oyekanmi et al.	2017-06-28
MT591041	Yam mosaic virus	Potyvirus yamtesselati	YMVGy	Nigeria	Nigeria	Dioscorea cayenensis subsp. rotundata	Oyekanmi et al.	2017-06-28
MT591042	Yam mosaic virus	Potyvirus yamtesselati	YMVHy	Nigeria	Nigeria	Dioscorea cayenensis subsp. rotundata	Oyekanmi et al.	2017-06-28
MT591043	Yam mosaic virus	Potyvirus yamtesselati	YMVIy	Nigeria	Nigeria	Dioscorea cayenensis subsp. rotundata	Oyekanmi et al.	2017-06-28
MT591044	Yam mosaic virus	Potyvirus yamtesselati	YMVJy	Nigeria	Nigeria	Dioscorea cayenensis subsp. rotundata	Oyekanmi et al.	2017-06-28
MT591045	Yam mosaic virus	Potyvirus yamtesselati	YMVKy	Nigeria	Nigeria	Dioscorea cayenensis subsp. rotundata	Oyekanmi et al.	2017-06-28
MT591046	Yam mosaic virus	Potyvirus yamtesselati	YMVLy	Nigeria	Nigeria	Dioscorea cayenensis subsp. rotundata	Oyekanmi et al.	2017-06-28
MT591047	Yam mosaic virus	Potyvirus yamtesselati	YMVMy	Nigeria	Nigeria	Dioscorea alata	Oyekanmi et al.	2017-06-28
MT591048	Yam mosaic virus	Potyvirus yamtesselati	YMVNy	Nigeria	Nigeria	Dioscorea alata	Oyekanmi et al.	2017-06-28
MT591049	Yam mosaic virus	Potyvirus yamtesselati	YMVQy	Nigeria	Nigeria	Dioscorea cayenensis subsp. rotundata	Oyekanmi et al.	2017-06-28
MT591050	Yam mosaic virus	Potyvirus yamtesselati	Yoo421	Nigeria	Nigeria	Dioscorea cayenensis subsp. rotundata	Oyekanmi et al.	2017-06-28
MT591051	Yam mosaic virus	Potyvirus yamtesselati	Yoju	Nigeria	Nigeria	Dioscorea cayenensis subsp. rotundata	Oyekanmi et al.	2017-08-30
MT591052	Yam mosaic virus	Potyvirus yamtesselati	Yoooo2	Nigeria	Nigeria	Dioscorea cayenensis subsp. rotundata	Oyekanmi et al.	2017-08-30
MT591053	Yam mosaic virus	Potyvirus yamtesselati	Yo2665	Nigeria	Nigeria	Dioscorea cayenensis subsp. rotundata	Oyekanmi et al.	2017-08-30
MT591054	Yam mosaic virus	Potyvirus yamtesselati	Yo2607	Nigeria	Nigeria	Dioscorea cayenensis subsp. rotundata	Oyekanmi et al.	2017-08-30
MT591055	Yam mosaic virus	Potyvirus yamtesselati	Yooo34	Nigeria	Nigeria	Dioscorea cayenensis subsp. rotundata	Oyekanmi et al.	2017-08-30
MT591056	Yam mosaic virus	Potyvirus yamtesselati	Yoo497	Nigeria	Nigeria	Dioscorea cayenensis subsp. rotundata	Oyekanmi et al.	2017-08-30
MT591057	Yam mosaic virus	Potyvirus yamtesselati	YMVANb	Nigeria	Nigeria	Dioscorea cayenensis subsp. rotundata	Oyekanmi et al.	2017-07-10
MT591058	Yam mosaic virus	Potyvirus yamtesselati	YMVBNb	Nigeria	Nigeria	Dioscorea cayenensis subsp. rotundata	Oyekanmi et al.	2017-07-10
MT591059	Yam mosaic virus	Potyvirus yamtesselati	YMVCNb	Nigeria	Nigeria	Dioscorea cayenensis subsp. rotundata	Oyekanmi et al.	2017-07-10
MT591060	Yam mosaic virus	Potyvirus yamtesselati	YMVDNb	Nigeria	Nigeria	Dioscorea cayenensis subsp. rotundata	Oyekanmi et al.	2017-07-10
MT591061	Yam mosaic virus	Potyvirus yamtesselati	YMVGNb	Nigeria	Nigeria	Dioscorea cayenensis subsp. rotundata	Oyekanmi et al.	2017-07-10
MT591062	Yam mosaic virus	Potyvirus yamtesselati	YMVFNb	Nigeria	Nigeria	Dioscorea cayenensis subsp. rotundata	Oyekanmi et al.	2017-07-10
MT591063	Yam mosaic virus	Potyvirus yamtesselati	YMVHNb	Nigeria	Nigeria	Dioscorea cayenensis subsp. rotundata	Oyekanmi et al.	2017-07-10
MT591064	Yam mosaic virus	Potyvirus yamtesselati	YMVJNb	Nigeria	Nigeria	Dioscorea cayenensis subsp. rotundata	Oyekanmi et al.	2017-07-10
MT591065	Yam mosaic virus	Potyvirus yamtesselati	YMVKNb	Nigeria	Nigeria	Dioscorea cayenensis subsp. rotundata	Oyekanmi et al.	2017-07-10
MT591066	Yam mosaic virus	Potyvirus yamtesselati	YMVLNb	Nigeria	Nigeria	Dioscorea cayenensis subsp. rotundata	Oyekanmi et al.	2017-07-10
MT591067	Yam mosaic virus	Potyvirus yamtesselati	YMVMNb	Nigeria	Nigeria	Dioscorea alata	Oyekanmi et al.	2017-07-10
MT591068	Yam mosaic virus	Potyvirus yamtesselati	YMVNNb	Nigeria	Nigeria	Dioscorea alata	Oyekanmi et al.	2017-07-10
MT591069	Yam mosaic virus	Potyvirus yamtesselati	YMVQNb	Nigeria	Nigeria	Dioscorea cayenensis subsp. rotundata	Oyekanmi et al.	2017-07-10
MT591070	Yam mosaic virus	Potyvirus yamtesselati	Nb0421	Nigeria	Nigeria	Dioscorea cayenensis subsp. rotundata	Oyekanmi et al.	2017-08-30
MT591071	Yam mosaic virus	Potyvirus yamtesselati	NbOju	Nigeria	Nigeria	Dioscorea cayenensis subsp. rotundata	Oyekanmi et al.	2017-08-30
MT591072	Yam mosaic virus	Potyvirus yamtesselati	Nb0002	Nigeria	Nigeria	Dioscorea cayenensis subsp. rotundata	Oyekanmi et al.	2017-08-30
MT591073	Yam mosaic virus	Potyvirus yamtesselati	NbDanc	Nigeria	Nigeria	Dioscorea cayenensis subsp. rotundata	Oyekanmi et al.	2017-08-30
MT591074	Yam mosaic virus	Potyvirus yamtesselati	Nb0034	Nigeria	Nigeria	Dioscorea cayenensis subsp. rotundata	Oyekanmi et al.	2017-08-30
MT591075	Yam mosaic virus	Potyvirus yamtesselati	Nb0497	Nigeria	Nigeria	Dioscorea cayenensis subsp. rotundata	Oyekanmi et al.	2017-08-30
MT591076	Yam mosaic virus	Potyvirus yamtesselati	Dan313	Nigeria	Nigeria	Dioscorea cayenensis subsp. rotundata	Oyekanmi et al.	2017-08-30
MT591077	Yam mosaic virus	Potyvirus yamtesselati	Dan42	Nigeria	Nigeria	Dioscorea cayenensis subsp. rotundata	Oyekanmi et al.	2017-08-30
MT591078	Yam mosaic virus	Potyvirus yamtesselati	Dan25	Nigeria	Nigeria	Dioscorea cayenensis subsp. rotundata	Oyekanmi et al.	2017-08-30
MT591079	Yam mosaic virus	Potyvirus yamtesselati	Dan18	Nigeria	Nigeria	Dioscorea cayenensis subsp. rotundata	Oyekanmi et al.	2017-08-30
MT591080	Yam mosaic virus	Potyvirus yamtesselati	19177Y	Nigeria	Nigeria	Dioscorea cayenensis subsp. rotundata	Oyekanmi et al.	2019-12-11
MT591081	Yam mosaic virus	Potyvirus yamtesselati	2665Y	Nigeria	Nigeria	Dioscorea cayenensis subsp. rotundata	Oyekanmi et al.	2019-12-11
MT591082	Yam mosaic virus	Potyvirus yamtesselati	MISG	Nigeria	Nigeria	Dioscorea cayenensis subsp. rotundata	Oyekanmi et al.	2019-12-11
MT553854	Yam mosaic virus	Potyvirus yamtesselati	ADK-nteje-2	Nigeria: Adaka	Nigeria	Dioscorea cayenensis subsp. rotundata	Osundahunsi et al.	2016-XX-XX
MT501332	Yam mosaic virus	Potyvirus yamtesselati	YMVcp-WH47b	Cameroon: Baigon	Camerrom	Dioscorea cayenensis subsp. rotundata	Azetech et al.	2016-11-01
MT501333	Yam mosaic virus	Potyvirus yamtesselati	YMVcp-GS218	Cameroon: Baigon	Camerrom	Dioscorea cayenensis	Azetech et al.	2016-11-01
MT501334	Yam mosaic virus	Potyvirus yamtesselati	YMVcp-GS172b	Cameroon: Malarba II	Camerrom	Dioscorea cayenensis subsp. rotundata	Azetech et al.	2016-11-01
MT501335	Yam mosaic virus	Potyvirus yamtesselati	YMVcp-WH214b	Cameroon: Baigon	Camerrom	Dioscorea cayenensis	Azetech et al.	2016-11-02
MT501336	Yam mosaic virus	Potyvirus yamtesselati	YMVcp-HB285b	Cameroon: Ekoroko	Camerrom	Dioscorea cayenensis	Azetech et al.	2016-11-01
MT501337	Yam mosaic virus	Potyvirus yamtesselati	YMVcp-HB96	Cameroon: Mandjou	Cameroon	Dioscorea cayenensis subsp. rotundata	Azetech et al.	2016-11-01
MT501338	Yam mosaic virus	Potyvirus yamtesselati	YMVcp-GS100	Cameroon: Mayo Baleo	Cameroon	Dioscorea cayenensis subsp. rotundata	Azetech et al.	2016-11-01
MT501339	Yam mosaic virus	Potyvirus yamtesselati	YMVcp-GS156	Cameroon: Karna -Manga	Cameroon	Dioscorea cayenensis subsp. rotundata	Azetech et al.	2016-11-01
MT501340	Yam mosaic virus	Potyvirus yamtesselati	YMVcp-WH161	Cameroon: Bali	Cameroon	Dioscorea cayenensis	Azetech et al.	2016-11-02
MT501341	Yam mosaic virus	Potyvirus yamtesselati	YMVcp-WH194	Cameroon: Batibo	Cameroon	Dioscorea cayenensis	Azetech et al.	2016-11-02
MT501342	Yam mosaic virus	Potyvirus yamtesselati	YMVcp-WH127	Cameroon: Babadjou	Cameroon	Dioscorea cayenensis	Azetech et al.	2016-11-02
MT501343	Yam mosaic virus	Potyvirus yamtesselati	YMVcp-GS143	Cameroon: Mayo Baleo	Cameroon	Dioscorea cayenensis subsp. rotundata	Azetech et al.	2016-11-01
MT501344	Yam mosaic virus	Potyvirus yamtesselati	YMVcp-GS233	Cameroon: Ngaounyanga	Cameroon	Dioscorea cayenensis subsp. rotundata	Azetech et al.	2016-11-01
MT501345	Yam mosaic virus	Potyvirus yamtesselati	YMVcp-WH261	Cameroon: Jakiri	Cameroon	Dioscorea cayenensis	Azetech et al.	2016-11-02
MT501346	Yam mosaic virus	Potyvirus yamtesselati	YMVcp-GS280	Cameroon: Tagboum	Cameroon	Dioscorea cayenensis subsp. rotundata	Azetech et al.	2016-11-01
MT501347	Yam mosaic virus	Potyvirus yamtesselati	YMVcp-HB303	Cameroon: Nguette- Ntui	Cameroon	Dioscorea cayenensis	Azetech et al.	2016-11-01
MT501348	Yam mosaic virus	Potyvirus yamtesselati	YMVcp-HM26	Cameroon: Mile 40 village	Cameroon	Dioscorea cayenensis subsp. rotundata	Azetech et al.	2016-08-16
MT501349	Yam mosaic virus	Potyvirus yamtesselati	YMVcp-WH132	Cameroon: Kontan Bali	Cameroon	Dioscorea cayenensis	Azetech et al.	2016-08-24
MT501350	Yam mosaic virus	Potyvirus yamtesselati	YMVcp-GS183	Cameroon: Nem -ne	Cameroon	Dioscorea cayenensis subsp. rotundata	Azetech et al.	2016-08-28
MT501351	Yam mosaic virus	Potyvirus yamtesselati	YMVcp-GS258	Cameroon: Mbele Mbeke	Cameroon	Dioscorea cayenensis	Azetech et al.	2016-09-05
MT501352	Yam mosaic virus	Potyvirus yamtesselati	YMVcp-HB290	Cameroon: Ndji Batchinga	Cameroon	Dioscorea cayenensis	Azetech et al.	2016-09-10
MT501353	Yam mosaic virus	Potyvirus yamtesselati	YMVcp-HB298	Cameroon: Kella	Cameroon	Dioscorea cayenensis subsp. rotundata	Azetech et al.	2016-09-11
MT501354	Yam mosaic virus	Potyvirus yamtesselati	YMVcp-HB295	Cameroon: Beahango Mbangassina	Cameroon	Dioscorea cayenensis subsp. rotundata	Azetech et al.	2016-09-12
MT501355	Yam mosaic virus	Potyvirus yamtesselati	YMVcp-WH126	Cameroon: Bafoussam	Cameroon	Dioscorea schimperiana	Azetech et al.	2016-11-02
MT501356	Yam mosaic virus	Potyvirus yamtesselati	YMVcp-HB160	Cameroon: Ekoroko	Cameroon	Dioscorea esculenta	Azetech et al.	2016-11-01
MT501357	Yam mosaic virus	Potyvirus yamtesselati	YMVcp-HM190	Cameroon: Mbonge	Cameroon	Dioscorea cayenensis subsp. rotundata	Azetech et al.	2016-11-01
MT501358	Yam mosaic virus	Potyvirus yamtesselati	YMVcp-WH201b	Cameroon: Mankon	Cameroon	Dioscorea cayenensis	Azetech et al.	2016-11-01
MT501399	Yam mosaic virus	Potyvirus yamtesselati	Au-Sc2-17-1	Nigeria: Alumaco	Nigeria	Dioscorea cayenensis subsp. rotundata	Osundahunsi et al. 	2017-XX-XX
MT501400	Yam mosaic virus	Potyvirus yamtesselati	Fk-Sc2-17-2	Nigeria: Faketsa	Nigeria	Dioscorea cayenensis subsp. rotundata	Osundahunsi et al. 	2017-XX-XX
MT501401	Yam mosaic virus	Potyvirus yamtesselati	Las-Sc3-17-1	Nigeria: Lasiri	Nigeria	Dioscorea cayenensis subsp. rotundata	Osundahunsi et al. 	2017-XX-XX
MT501402	Yam mosaic virus	Potyvirus yamtesselati	Am-Sc3-17-1	Nigeria: Ame	Nigeria	Dioscorea cayenensis subsp. rotundata	Osundahunsi et al. 	2017-XX-XX
MT501403	Yam mosaic virus	Potyvirus yamtesselati	Au-Sc2-17-2	Nigeria: Alumaco	Nigeria	Dioscorea cayenensis subsp. rotundata	Osundahunsi et al. 	2017-XX-XX
MT501404	Yam mosaic virus	Potyvirus yamtesselati	AL-Sc2-17-1	Nigeria: Aloshi	Nigeria	Dioscorea cayenensis subsp. rotundata	Osundahunsi et al. 	2017-XX-XX
MT501405	Yam mosaic virus	Potyvirus yamtesselati	Las-Sc2-17-1	Nigeria: Lasiri	Nigeria	Dioscorea cayenensis subsp. rotundata	Osundahunsi et al. 	2017-XX-XX
MT501406	Yam mosaic virus	Potyvirus yamtesselati	Au-Sc3-17-1	Nigeria: Alumaco	Nigeria	Dioscorea cayenensis subsp. rotundata	Osundahunsi et al. 	2017-XX-XX
MT501407	Yam mosaic virus	Potyvirus yamtesselati	Am-Sc2-17-1	Nigeria: Ame	Nigeria	Dioscorea cayenensis subsp. rotundata	Osundahunsi et al. 	2017-XX-XX
MT501408	Yam mosaic virus	Potyvirus yamtesselati	Ek-Sc2-17-1	Nigeria: Ekpe	Nigeria	Dioscorea cayenensis subsp. rotundata	Osundahunsi et al. 	2017-XX-XX
MT501409	Yam mosaic virus	Potyvirus yamtesselati	Au-Sc3-17-2	Nigeria: Alumaco	Nigeria	Dioscorea cayenensis subsp. rotundata	Osundahunsi et al. 	2017-XX-XX
MT501410	Yam mosaic virus	Potyvirus yamtesselati	Las-Sc3-17-2	Nigeria: Lasiri	Nigeria	Dioscorea cayenensis subsp. rotundata	Osundahunsi et al. 	2017-XX-XX
MT501411	Yam mosaic virus	Potyvirus yamtesselati	Hem-Sc3-17-1	Nigeria: Hembakwase	Nigeria	Dioscorea cayenensis subsp. rotundata	Osundahunsi et al. 	2017-XX-XX
MT501412	Yam mosaic virus	Potyvirus yamtesselati	Al-Sc3-17-1	Nigeria: Aloshi	Nigeria	Dioscorea cayenensis subsp. rotundata	Osundahunsi et al. 	2017-XX-XX
MT501413	Yam mosaic virus	Potyvirus yamtesselati	Ak-Sc3-17-1	Nigeria: Adaka	Nigeria	Dioscorea cayenensis subsp. rotundata	Osundahunsi et al. 	2017-XX-XX
MT501414	Yam mosaic virus	Potyvirus yamtesselati	Al-Sc2-17-2	Nigeria: Aloshi	Nigeria	Dioscorea cayenensis subsp. rotundata	Osundahunsi et al. 	2017-XX-XX
MT501415	Yam mosaic virus	Potyvirus yamtesselati	Mk-Sc3-17-2	Nigeria: Meccakusa	Nigeria	Dioscorea cayenensis subsp. rotundata	Osundahunsi et al. 	2017-XX-XX
MT501416	Yam mosaic virus	Potyvirus yamtesselati	Mk-Sc2-17-1	Nigeria: Meccakusa	Nigeria	Dioscorea cayenensis subsp. rotundata	Osundahunsi et al. 	2017-XX-XX
MT501417	Yam mosaic virus	Potyvirus yamtesselati	Las-Sc3-17-3	Nigeria: Lasiri	Nigeria	Dioscorea cayenensis subsp. rotundata	Osundahunsi et al. 	2017-XX-XX
MT501418	Yam mosaic virus	Potyvirus yamtesselati	Mk-Sc2-17-2	Nigeria: Meccakusa	Nigeria	Dioscorea cayenensis subsp. rotundata	Osundahunsi et al. 	2017-XX-XX
MT501419	Yam mosaic virus	Potyvirus yamtesselati	Dr-Sc3-17-1	Nigeria: Daribokor	Nigeria	Dioscorea cayenensis subsp. rotundata	Osundahunsi et al. 	2017-XX-XX
MT501420	Yam mosaic virus	Potyvirus yamtesselati	Ek-Sc2-17-2	Nigeria: Ekpe	Nigeria	Dioscorea cayenensis subsp. rotundata	Osundahunsi et al. 	2017-XX-XX
MT501421	Yam mosaic virus	Potyvirus yamtesselati	Ek-Sc3-17-2	Nigeria: Ekpe	Nigeria	Dioscorea cayenensis subsp. rotundata	Osundahunsi et al. 	2017-XX-XX
MT501422	Yam mosaic virus	Potyvirus yamtesselati	AL-Sc2-17-3	Nigeria: Aloshi	Nigeria	Dioscorea cayenensis subsp. rotundata	Osundahunsi et al. 	2017-XX-XX
MT501423	Yam mosaic virus	Potyvirus yamtesselati	Hem-Sc2-17-2	Nigeria: Hembakwase	Nigeria	Dioscorea cayenensis subsp. rotundata	Osundahunsi et al. 	2017-XX-XX
MT501424	Yam mosaic virus	Potyvirus yamtesselati	Hem-Sc2-17-3	Nigeria: Hembakwase	Nigeria	Dioscorea cayenensis subsp. rotundata	Osundahunsi et al. 	2017-XX-XX
MT501425	Yam mosaic virus	Potyvirus yamtesselati	AL-Sc2-18-1	Nigeria: Aloshi	Nigeria	Dioscorea cayenensis subsp. rotundata	Osundahunsi et al. 	2018-XX-XX
MT501426	Yam mosaic virus	Potyvirus yamtesselati	Au-Sc2-18-2	Nigeria: Alumaco	Nigeria	Dioscorea cayenensis subsp. rotundata	Osundahunsi et al. 	2018-XX-XX
MT501427	Yam mosaic virus	Potyvirus yamtesselati	Fk-Sc2-18-1	Nigeria: Faketsa	Nigeria	Dioscorea cayenensis subsp. rotundata	Osundahunsi et al. 	2018-XX-XX
MT501428	Yam mosaic virus	Potyvirus yamtesselati	Hem-Sc2-18-2	Nigeria: Hembakwase	Nigeria	Dioscorea cayenensis subsp. rotundata	Osundahunsi et al. 	2018-XX-XX
MT501429	Yam mosaic virus	Potyvirus yamtesselati	AK-Sc2-18-1	Nigeria: Adaka	Nigeria	Dioscorea cayenensis subsp. rotundata	Osundahunsi et al. 	2018-XX-XX
MT501430	Yam mosaic virus	Potyvirus yamtesselati	Am-Sc2-18-3	Nigeria: Ame	Nigeria	Dioscorea cayenensis subsp. rotundata	Osundahunsi et al. 	2018-XX-XX
MT501431	Yam mosaic virus	Potyvirus yamtesselati	Ak-Sc2-18-3	Nigeria: Adaka	Nigeria	Dioscorea cayenensis subsp. rotundata	Osundahunsi et al. 	2018-XX-XX
MT501432	Yam mosaic virus	Potyvirus yamtesselati	Ak-Sc2-18-4	Nigeria: Adaka	Nigeria	Dioscorea cayenensis subsp. rotundata	Osundahunsi et al. 	2018-XX-XX
MT501433	Yam mosaic virus	Potyvirus yamtesselati	Au-Sc2-18-5	Nigeria: Alumaco	Nigeria	Dioscorea cayenensis subsp. rotundata	Osundahunsi et al. 	2018-XX-XX
MT501434	Yam mosaic virus	Potyvirus yamtesselati	Au-Sc2-18-6	Nigeria: Alumaco	Nigeria	Dioscorea cayenensis subsp. rotundata	Osundahunsi et al. 	2018-XX-XX
MT501435	Yam mosaic virus	Potyvirus yamtesselati	Al-Sc2-18-2	Nigeria: Aloshi	Nigeria	Dioscorea cayenensis subsp. rotundata	Osundahunsi et al. 	2018-XX-XX
MT501436	Yam mosaic virus	Potyvirus yamtesselati	Am-Sc2-17-2	Nigeria: Ame	Nigeria	Dioscorea cayenensis subsp. rotundata	Osundahunsi et al. 	2017-XX-XX
MT501437	Yam mosaic virus	Potyvirus yamtesselati	Au-Sc2-18-1	Nigeria: Alumaco	Nigeria	Dioscorea cayenensis subsp. rotundata	Osundahunsi et al. 	2018-XX-XX
MT501438	Yam mosaic virus	Potyvirus yamtesselati	Mk-Sc2-18-1	Nigeria: Meccakusa	Nigeria	Dioscorea cayenensis subsp. rotundata	Osundahunsi et al. 	2018-XX-XX
MT501439	Yam mosaic virus	Potyvirus yamtesselati	EK-Sc2-18-1	Nigeria: Ekpe	Nigeria	Dioscorea cayenensis subsp. rotundata	Osundahunsi et al. 	2018-XX-XX
MT501440	Yam mosaic virus	Potyvirus yamtesselati	EK-Sc3-18-1	Nigeria: Ekpe	Nigeria	Dioscorea cayenensis subsp. rotundata	Osundahunsi et al. 	2018-XX-XX
MT501441	Yam mosaic virus	Potyvirus yamtesselati	Mk-Sc2-17-3	Nigeria: Meccakusa	Nigeria	Dioscorea cayenensis subsp. rotundata	Osundahunsi et al. 	2017-XX-XX
MT501442	Yam mosaic virus	Potyvirus yamtesselati	AL-Sc3-17-2	Nigeria: Aloshi	Nigeria	Dioscorea cayenensis subsp. rotundata	Osundahunsi et al. 	2017-XX-XX
MT501443	Yam mosaic virus	Potyvirus yamtesselati	Fk-Sc2-17-1	Nigeria: Faketsa	Nigeria	Dioscorea cayenensis subsp. rotundata	Osundahunsi et al. 	2017-XX-XX
MT501444	Yam mosaic virus	Potyvirus yamtesselati	Fk-Sc2-18-2	Nigeria: Faketsa	Nigeria	Dioscorea cayenensis subsp. rotundata	Osundahunsi et al. 	2018-XX-XX
MT501445	Yam mosaic virus	Potyvirus yamtesselati	Ek-Sc3-17-1	Nigeria: Ekpe	Nigeria	Dioscorea cayenensis subsp. rotundata	Osundahunsi et al. 	2017-XX-XX
MT501446	Yam mosaic virus	Potyvirus yamtesselati	Dr-Sc2-17-2	Nigeria: Daribokor	Nigeria	Dioscorea cayenensis subsp. rotundata	Osundahunsi et al. 	2017-XX-XX
MT501447	Yam mosaic virus	Potyvirus yamtesselati	Ak-Sc2-17-1	Nigeria: Adaka	Nigeria	Dioscorea cayenensis subsp. rotundata	Osundahunsi et al. 	2017-XX-XX
MT501448	Yam mosaic virus	Potyvirus yamtesselati	Las-Sc2-17-2	Nigeria: Lasiri	Nigeria	Dioscorea cayenensis subsp. rotundata	Osundahunsi et al. 	2017-XX-XX
MT501449	Yam mosaic virus	Potyvirus yamtesselati	Mk-Sc3-17-3	Nigeria: Meccakusa	Nigeria	Dioscorea cayenensis subsp. rotundata	Osundahunsi et al. 	2017-XX-XX
MT501450	Yam mosaic virus	Potyvirus yamtesselati	Au-Sc2-18-3	Nigeria: Alumaco	Nigeria	Dioscorea cayenensis subsp. rotundata	Osundahunsi et al. 	2018-XX-XX
MT501451	Yam mosaic virus	Potyvirus yamtesselati	Hem-Sc2-17-1F	Nigeria: Hembakwase	Nigeria	Dioscorea cayenensis subsp. rotundata	Osundahunsi et al. 	2017-XX-XX
MT542849	Yam mosaic virus	Potyvirus yamtesselati	MK-GWAD-1	Nigeria: Makakusa	Nigeria	Dioscorea cayenensis subsp. rotundata	Osundahunsi et al. 	2016-XX-XX
MT542850	Yam mosaic virus	Potyvirus yamtesselati	MK-GWAD-2	Nigeria: Makakusa	Nigeria	Dioscorea cayenensis subsp. rotundata	Osundahunsi et al. 	2016-XX-XX
MT542851	Yam mosaic virus	Potyvirus yamtesselati	EK-ILUSHI-1	Nigeria: Ekpe	Nigeria	Dioscorea cayenensis subsp. rotundata	Osundahunsi et al. 	2016-XX-XX
MT542852	Yam mosaic virus	Potyvirus yamtesselati	EK-ILUSHI-2	Nigeria: Ekpe	Nigeria	Dioscorea cayenensis subsp. rotundata	Osundahunsi et al. 	2016-XX-XX
MT542853	Yam mosaic virus	Potyvirus yamtesselati	EK-NTEJE-1	Nigeria: Ekpe	Nigeria	Dioscorea cayenensis subsp. rotundata	Osundahunsi et al. 	2016-XX-XX
MT542854	Yam mosaic virus	Potyvirus yamtesselati	ALU-ILUSHI-1	Nigeria: Alumaco	Nigeria	Dioscorea cayenensis subsp. rotundata	Osundahunsi et al. 	2016-XX-XX
MT542855	Yam mosaic virus	Potyvirus yamtesselati	ALU-ILUSHI-2	Nigeria: Alumaco	Nigeria	Dioscorea cayenensis subsp. rotundata	Osundahunsi et al. 	2016-XX-XX
MT542856	Yam mosaic virus	Potyvirus yamtesselati	ADK-NTEJE-1	Nigeria: Adaka	Nigeria	Dioscorea cayenensis subsp. rotundata	Osundahunsi et al. 	2016-XX-XX
MT542857	Yam mosaic virus	Potyvirus yamtesselati	FAK-ZAKI-1	Nigeria: Faketsa	Nigeria	Dioscorea cayenensis subsp. rotundata	Osundahunsi et al. 	2016-XX-XX
MT542858	Yam mosaic virus	Potyvirus yamtesselati	MAK-PAK-3	Nigeria: Makakusa	Nigeria	Dioscorea cayenensis subsp. rotundata	Osundahunsi et al. 	2016-XX-XX
MT542859	Yam mosaic virus	Potyvirus yamtesselati	LAS-SARKI-3	Nigeria: Lasiri	Nigeria	Dioscorea cayenensis subsp. rotundata	Osundahunsi et al. 	2016-XX-XX
MT542860	Yam mosaic virus	Potyvirus yamtesselati	AL-AGYAGU-1	Nigeria: Aloshi	Nigeria	Dioscorea cayenensis subsp. rotundata	Osundahunsi et al. 	2016-XX-XX
MT542861	Yam mosaic virus	Potyvirus yamtesselati	AL-AGYAGU-2	Nigeria: Aloshi	Nigeria	Dioscorea cayenensis subsp. rotundata	Osundahunsi et al. 	2016-XX-XX
MT542862	Yam mosaic virus	Potyvirus yamtesselati	AME-GWADALAD-3	Nigeria: Ame	Nigeria	Dioscorea cayenensis subsp. rotundata	Osundahunsi et al. 	2016-XX-XX
MT542863	Yam mosaic virus	Potyvirus yamtesselati	AME-GWADALAD-1	Nigeria: Ame	Nigeria	Dioscorea cayenensis subsp. rotundata	Osundahunsi et al. 	2016-XX-XX
MT542864	Yam mosaic virus	Potyvirus yamtesselati	Hem-AGYAGU-1	Nigeria: Hembakwase	Nigeria	Dioscorea cayenensis subsp. rotundata	Osundahunsi et al. 	2016-XX-XX
MK814865	Yam mosaic virus	Potyvirus yamtesselati	8_StoDgo	Cuba: Villa Clara	Cuba	Dioscorea esculenta	Gonzalez Ramirez et al.	2011-11-XX
MK814866	Yam mosaic virus	Potyvirus yamtesselati	9_StoDgo	Cuba: Villa Clara	Cuba	Dioscorea esculenta	Gonzalez Ramirez et al.	2011-11-XX
MK814867	Yam mosaic virus	Potyvirus yamtesselati	M1_StoDgo	Cuba: Villa Clara	Cuba	Dioscorea cayenensis subsp. rotundata	Gonzalez Ramirez et al.	2014-06-XX
MK814868	Yam mosaic virus	Potyvirus yamtesselati	M4_StoDgo	Cuba: Villa Clara	Cuba	Dioscorea cayenensis subsp. rotundata	Gonzalez Ramirez et al.	2014-06-XX
AJ238401	Yam mosaic virus	Potyvirus yamtesselati	Trifida/C5	France:Guadeloupe	France	Dioscorea trifida	Bousalem et al. 	1986-XX-XX
AJ244043	Yam mosaic virus	Potyvirus yamtesselati	AID10/C5	Puerto Rico	USA	Dioscorea alata	Bousalem et al. 	1994-XX-XX
AJ244044	Yam mosaic virus	Potyvirus yamtesselati	CGU2/C4	France:Guadeloupe	France	Dioscorea cayenensis subsp. rotundata	Bousalem et al. 	1994-XX-XX
AJ244045	Yam mosaic virus	Potyvirus yamtesselati	GY/INRA/C11	French Guiana	French Guiana	Dioscorea trifida	Bousalem et al. 	1991-XX-XX
AJ244046	Yam mosaic virus	Potyvirus yamtesselati	174/C1	Benin	Benin	Dioscorea cayenensis subsp. rotundata	Bousalem et al. 	1994-XX-XX
AJ244047	Yam mosaic virus	Potyvirus yamtesselati	608	Nigeria	Nigeria	Dioscorea cayenensis subsp. rotundata	Bousalem et al. 	1992-XX-XX
AJ244048	Yam mosaic virus	Potyvirus yamtesselati	B1/C1	Benin	Benin	Dioscorea cayenensis subsp. rotundata	Bousalem et al. 	1994-XX-XX
AJ244049	Yam mosaic virus	Potyvirus yamtesselati	B14	Benin	Benin	Dioscorea cayenensis subsp. rotundata	Bousalem et al. 	1994-XX-XX
AJ244050	Yam mosaic virus	Potyvirus yamtesselati	BFC51/C11	Burkina Faso	Burkina Faso	Dioscorea cayenensis subsp. rotundata	Bousalem et al. 	1992-XX-XX
AJ244051	Yam mosaic virus	Potyvirus yamtesselati	BFC54	Burkina Faso	Burkina Faso	Dioscorea cayenensis subsp. rotundata	Bousalem et al. 	1992-XX-XX
AJ244052	Yam mosaic virus	Potyvirus yamtesselati	BFC56	Burkina Faso	Burkina Faso	Dioscorea cayenensis subsp. rotundata	Bousalem et al. 	1992-XX-XX
AJ244053	Yam mosaic virus	Potyvirus yamtesselati	C1/C3	Burkina Faso	Burkina Faso	Dioscorea cayenensis subsp. rotundata	Bousalem et al. 	1992-XX-XX
AJ244054	Yam mosaic virus	Potyvirus yamtesselati	CAM1/C1	Cameroon	Cameroon	Dioscorea cayenensis subsp. rotundata	Bousalem et al. 	1994-XX-XX
AJ244055	Yam mosaic virus	Potyvirus yamtesselati	CAM2/C31	Cameroon	Cameroon	Dioscorea cayenensis subsp. rotundata	Bousalem et al. 	1994-XX-XX
AJ244056	Yam mosaic virus	Potyvirus yamtesselati	CBE6b/C3	Benin	Benin	Dioscorea cayenensis subsp. rotundata	Bousalem et al. 	1994-XX-XX
AJ244057	Yam mosaic virus	Potyvirus yamtesselati	CGU1/C18	France:Guadeloupe	France	Dioscorea cayenensis subsp. rotundata	Bousalem et al. 	1994-XX-XX
AJ244058	Yam mosaic virus	Potyvirus yamtesselati	CID3/C12	Ivory Coast	Ivory Coast	Dioscorea cayenensis subsp. rotundata	Bousalem et al. 	1994-XX-XX
AJ244059	Yam mosaic virus	Potyvirus yamtesselati	CKA1/C11	Ivory Coast	Ivory Coast	Dioscorea cayenensis subsp. rotundata	Bousalem et al. 	1994-XX-XX
AJ244060	Yam mosaic virus	Potyvirus yamtesselati	Divin	France:Guadeloupe	France	Dioscorea alata	Bousalem et al. 	1989-XX-XX
AJ244061	Yam mosaic virus	Potyvirus yamtesselati	G13/C1	French Guiana	French Guiana	Dioscorea trifida	Bousalem et al. 	1992-XX-XX
AJ244062	Yam mosaic virus	Potyvirus yamtesselati	G5/C10	French Guiana	French Guiana	Dioscorea trifida	Bousalem et al. 	1992-XX-XX
AJ244063	Yam mosaic virus	Potyvirus yamtesselati	GR/SAVANE/C4	France:Guadeloupe	France	Dioscorea cayenensis subsp. rotundata	Bousalem et al. 	1991-XX-XX
AJ244064	Yam mosaic virus	Potyvirus yamtesselati	POGNON/C1	France:Guadeloupe	France	Dioscorea cayenensis subsp. rotundata	Bousalem et al. 	1994-XX-XX
AJ244065	Yam mosaic virus	Potyvirus yamtesselati	SOA AI/C1	Burkina Faso	Burkina Faso	Dioscorea alata	Bousalem et al. 	1992-XX-XX
AJ244066	Yam mosaic virus	Potyvirus yamtesselati	SOA2/C1	Burkina Faso	Burkina Faso	Dioscorea alata	Bousalem et al. 	1992-XX-XX
U42596	Yam mosaic virus	Potyvirus yamtesselati	Ivory Coast	Ivory Coast	Ivory Coast	Dioscorea sp.	Aleman et al. 	1977-XX-XX
OK239701	Yam mosaic virus	Potyvirus yamtesselati	YMV_DR2	Brazil	Brazil	Dioscorea cayenensis subsp. rotundata	Mendoza et al.	2019-XX-XX
OK239702	Yam mosaic virus	Potyvirus yamtesselati	YMV_Dsp	Brazil	Brazil	Dioscorea sp.	Mendoza et al.	2014-XX-XX
OL739290	Yam mosaic virus	Potyvirus yamtesselati	YMV_I4	Brazil	Brazil	Dioscorea cayenensis subsp. rotundata	Mendoza et al.	2019-11-25
